id_fish,"('id_own', 'count')","('id_own', 'nunique')","('id_ves', 'nunique')","('catch_volume', 'mean')","('catch_volume', 'min')","('catch_volume', 'max')","('catch_volume', 'sum')",regime0,regime1,regime3,regime12,regime15,regime18,regime22,regime41,regime61,regime97,regime108,regime110,regime116,regime129,regime130,regime131,regime162,regime199,regime206,regime207,regime261,regime264,regime265,regime266,regime267,regime268,regime269,regime270,regime271,regime272,regime273,regime274,regime275,regime277,regime278,regime285,regime298,regime304,regime310,regime387,regime399,regime436,regime437,regime473,regime501,regime502,regime507,regime513,regime521,regime526,regime531,regime547,regime548,regime549,regime550,regime2775,regime2776,regime5432,regime5434,regime5435,id_own_count,id_own_nunique,id_ves_nunique,id_Plat_nunique,fish_x_nunique,volume_x_mean,volume_x_min,volume_x_max,volume_x_sum,Late Night_sum,Early Morning_sum,Morning_sum,Noon_sum,Eve_sum,Night_sum,anomaly
6.0,79.0,5.0,8.0,13.081924050632912,0.022,47.228,1033.472,0.0,16.0,0.0,0.0,0.0,45.0,0.0,0.0,0.0,18.0,0.0,1.0,0.0,0.0,0.0,0.0,0.0,0.0,0.0,0.0,0.0,0.0,0.0,0.0,0.0,0.0,0.0,0.0,0.0,0.0,0.0,0.0,0.0,0.0,0.0,0.0,0.0,0.0,0.0,0.0,0.0,0.0,0.0,0.0,15.0,0.0,0.0,0.0,51.0,0.0,0.0,0.0,2.0,0.0,10.0,0.0,0.0,0.0,0.0,0.0,48.0,1.0,3.0,3.0,1.0,21.351895833333334,0.022,51.203,1024.891,0.0,0.0,48.0,0.0,0.0,0.0,0.0
45.0,,,,,,,,,,,,,,,,,,,,,,,,,,,,,,,,,,,,,,,,,,,,,,,,,,,,,,,,,,,,,,,,,,,,14.0,1.0,1.0,1.0,1.0,0.08592857142857142,0.03,0.24,1.2029999999999998,12.0,0.0,0.0,2.0,0.0,0.0,0.0
71.0,,,,,,,,,,,,,,,,,,,,,,,,,,,,,,,,,,,,,,,,,,,,,,,,,,,,,,,,,,,,,,,,,,,,4.0,2.0,2.0,2.0,1.0,4.265596502521189,0.0,32325.0,79519.25,1500.0,8614.0,6545.0,1639.0,258.0,86.0,1.0
88.0,2300.0,43.0,76.0,1.4916673060869565,0.001,51.302,3430.834804,1.0,0.0,10.0,0.0,570.0,0.0,0.0,0.0,0.0,1719.0,16.0,0.0,0.0,1.0,0.0,0.0,0.0,0.0,255.0,1624.0,0.0,0.0,0.0,0.0,0.0,0.0,0.0,0.0,0.0,0.0,0.0,0.0,0.0,0.0,0.0,0.0,0.0,0.0,0.0,0.0,0.0,3.0,247.0,154.0,0.0,0.0,0.0,0.0,0.0,0.0,0.0,0.0,0.0,0.0,0.0,0.0,0.0,0.0,0.0,0.0,2456.0,40.0,72.0,72.0,1.0,2.834296993987976,0.0,65.055,7071.571,1374.0,193.0,736.0,165.0,18.0,9.0,1.0
90.0,75.0,3.0,5.0,0.79296,0.018,5.184,59.472,0.0,0.0,0.0,0.0,75.0,0.0,0.0,0.0,0.0,0.0,0.0,0.0,0.0,0.0,0.0,0.0,75.0,0.0,0.0,0.0,0.0,0.0,0.0,0.0,0.0,0.0,0.0,0.0,0.0,0.0,0.0,0.0,0.0,0.0,0.0,0.0,0.0,0.0,0.0,0.0,0.0,0.0,0.0,0.0,0.0,0.0,0.0,0.0,0.0,0.0,0.0,0.0,0.0,0.0,0.0,0.0,0.0,0.0,0.0,0.0,57.0,3.0,4.0,4.0,1.0,0.7867894736842106,0.018,5.184,44.847,39.0,5.0,4.0,0.0,0.0,9.0,0.0
91.0,20.0,1.0,2.0,0.035199999999999995,0.02,0.06,0.704,0.0,0.0,0.0,0.0,0.0,0.0,20.0,0.0,0.0,0.0,20.0,0.0,0.0,0.0,0.0,0.0,0.0,0.0,0.0,0.0,0.0,0.0,0.0,0.0,0.0,0.0,0.0,0.0,0.0,0.0,0.0,0.0,0.0,0.0,0.0,0.0,0.0,0.0,0.0,0.0,0.0,0.0,0.0,0.0,0.0,0.0,0.0,0.0,0.0,0.0,0.0,0.0,0.0,0.0,0.0,0.0,0.0,0.0,0.0,0.0,3.0,1.0,1.0,1.0,1.0,0.45366666666666666,0.017,1.176,1.361,3.0,0.0,0.0,0.0,0.0,0.0,0.0
112.0,1667.0,28.0,80.0,0.4832567486502699,0.0026,9.997,805.5889999999999,0.0,1147.0,1.0,4.0,0.0,0.0,0.0,73.0,0.0,442.0,1.0,0.0,0.0,0.0,0.0,0.0,0.0,0.0,0.0,0.0,227.0,501.0,235.0,13.0,147.0,1.0,0.0,1.0,0.0,248.0,27.0,118.0,0.0,0.0,0.0,0.0,0.0,0.0,0.0,0.0,50.0,0.0,0.0,0.0,0.0,0.0,0.0,0.0,0.0,0.0,4.0,0.0,0.0,0.0,0.0,0.0,0.0,0.0,79.0,15.0,1007.0,12.0,38.0,38.0,1.0,0.4751166875784191,0.0,10.0,757.336,901.0,292.0,130.0,88.0,33.0,150.0,1.0
113.0,3133.0,86.0,142.0,0.473332180019151,0.001,16.12,1482.94972,0.0,405.0,0.0,1.0,34.0,4.0,62.0,5.0,0.0,2622.0,1175.0,0.0,0.0,0.0,0.0,0.0,0.0,0.0,448.0,665.0,83.0,28.0,13.0,0.0,9.0,0.0,0.0,0.0,0.0,59.0,174.0,57.0,1.0,0.0,0.0,0.0,0.0,0.0,0.0,0.0,2.0,65.0,231.0,121.0,0.0,0.0,2.0,0.0,0.0,0.0,0.0,0.0,0.0,0.0,0.0,0.0,0.0,0.0,0.0,0.0,3286.0,61.0,103.0,103.0,1.0,0.5622203286670724,0.001,16.12,1847.456,1677.0,332.0,1135.0,124.0,9.0,9.0,1.0
114.0,150.0,11.0,25.0,0.54542,0.022,8.108,81.813,0.0,0.0,0.0,0.0,0.0,48.0,0.0,0.0,0.0,102.0,0.0,0.0,0.0,0.0,0.0,0.0,0.0,0.0,0.0,0.0,70.0,0.0,22.0,0.0,7.0,0.0,0.0,36.0,0.0,10.0,0.0,0.0,0.0,0.0,0.0,0.0,0.0,0.0,0.0,0.0,5.0,0.0,0.0,0.0,0.0,0.0,0.0,0.0,0.0,0.0,0.0,0.0,0.0,0.0,0.0,0.0,0.0,0.0,0.0,0.0,39.0,5.0,9.0,9.0,1.0,0.8046666666666666,0.0,5.545,36.21,33.0,7.0,1.0,1.0,1.0,2.0,0.0
124.0,1.0,1.0,1.0,0.001,0.001,0.001,0.001,0.0,0.0,1.0,0.0,0.0,0.0,0.0,0.0,0.0,0.0,1.0,0.0,0.0,0.0,0.0,0.0,0.0,0.0,0.0,0.0,0.0,0.0,0.0,0.0,0.0,0.0,0.0,0.0,0.0,0.0,0.0,0.0,0.0,0.0,0.0,0.0,0.0,0.0,0.0,0.0,0.0,0.0,0.0,0.0,0.0,0.0,0.0,0.0,0.0,0.0,0.0,0.0,0.0,0.0,0.0,0.0,0.0,0.0,0.0,0.0,,,,,,,,,,,,,,,,0.0
125.0,5.0,2.0,2.0,0.0538,0.013,0.13,0.269,0.0,0.0,0.0,0.0,0.0,1.0,0.0,0.0,0.0,4.0,0.0,0.0,0.0,0.0,0.0,0.0,0.0,0.0,0.0,0.0,0.0,0.0,0.0,0.0,0.0,0.0,0.0,0.0,0.0,0.0,0.0,0.0,0.0,0.0,0.0,0.0,0.0,0.0,0.0,0.0,0.0,0.0,0.0,0.0,0.0,0.0,0.0,0.0,0.0,0.0,0.0,0.0,0.0,0.0,3.0,0.0,0.0,0.0,1.0,1.0,,,,,,,,,,,,,,,,0.0
128.0,492.0,12.0,18.0,19.346258130081303,0.02,70.261,9518.359,0.0,0.0,0.0,0.0,0.0,465.0,0.0,0.0,0.0,27.0,0.0,0.0,0.0,0.0,0.0,0.0,0.0,0.0,0.0,0.0,0.0,0.0,0.0,0.0,0.0,0.0,0.0,0.0,0.0,0.0,0.0,0.0,0.0,0.0,0.0,0.0,0.0,0.0,0.0,0.0,0.0,0.0,0.0,0.0,0.0,0.0,0.0,0.0,0.0,0.0,0.0,2.0,196.0,238.0,56.0,0.0,0.0,0.0,0.0,0.0,,,,,,,,,,,,,,,,1.0
144.0,1202.0,28.0,72.0,1.0382728785357735,0.001,49.731,1248.004,0.0,46.0,23.0,1.0,38.0,692.0,0.0,0.0,0.0,402.0,178.0,0.0,0.0,2.0,0.0,0.0,0.0,0.0,78.0,30.0,188.0,94.0,113.0,0.0,0.0,0.0,0.0,4.0,1.0,55.0,100.0,90.0,4.0,87.0,27.0,0.0,0.0,0.0,0.0,0.0,21.0,36.0,14.0,0.0,0.0,0.0,0.0,0.0,0.0,0.0,0.0,0.0,0.0,0.0,4.0,0.0,23.0,0.0,42.0,11.0,812.0,21.0,45.0,45.0,1.0,1.3048780788177339,0.0,49.731,1059.561,636.0,121.0,33.0,8.0,8.0,6.0,1.0
147.0,3243.0,50.0,88.0,0.5512504326241136,0.002,20.951,1787.705153,0.0,0.0,0.0,0.0,75.0,0.0,0.0,0.0,0.0,3168.0,207.0,0.0,0.0,0.0,0.0,0.0,0.0,0.0,324.0,2389.0,0.0,0.0,0.0,0.0,0.0,0.0,0.0,0.0,0.0,0.0,0.0,0.0,0.0,0.0,0.0,0.0,0.0,0.0,0.0,0.0,0.0,1.0,281.0,41.0,0.0,0.0,0.0,0.0,0.0,0.0,0.0,0.0,0.0,0.0,0.0,0.0,0.0,0.0,0.0,0.0,3112.0,44.0,76.0,76.0,1.0,0.5562827763496144,0.002,20.951,1731.152,1653.0,238.0,1014.0,185.0,16.0,6.0,1.0
150.0,6.0,1.0,1.0,0.005166666666666667,0.003,0.011,0.031,0.0,0.0,6.0,0.0,0.0,0.0,0.0,0.0,0.0,0.0,6.0,0.0,0.0,0.0,0.0,0.0,0.0,0.0,0.0,0.0,0.0,0.0,0.0,0.0,0.0,0.0,0.0,0.0,0.0,0.0,0.0,0.0,0.0,0.0,0.0,0.0,0.0,0.0,0.0,0.0,0.0,0.0,0.0,0.0,0.0,0.0,0.0,0.0,0.0,0.0,0.0,0.0,0.0,0.0,0.0,0.0,0.0,0.0,0.0,0.0,,,,,,,,,,,,,,,,0.0
158.0,,,,,,,,,,,,,,,,,,,,,,,,,,,,,,,,,,,,,,,,,,,,,,,,,,,,,,,,,,,,,,,,,,,,8.0,1.0,1.0,1.0,1.0,0.6637500000000001,0.24,1.68,5.3100000000000005,7.0,0.0,0.0,1.0,0.0,0.0,0.0
166.0,8.0,2.0,2.0,0.0155,0.006,0.023,0.124,0.0,0.0,0.0,0.0,0.0,0.0,0.0,0.0,0.0,8.0,0.0,0.0,0.0,0.0,0.0,0.0,0.0,0.0,0.0,0.0,0.0,0.0,0.0,0.0,0.0,0.0,0.0,0.0,0.0,0.0,3.0,0.0,0.0,0.0,0.0,0.0,0.0,0.0,0.0,0.0,0.0,0.0,0.0,0.0,0.0,0.0,0.0,5.0,0.0,0.0,0.0,0.0,0.0,0.0,0.0,0.0,0.0,0.0,0.0,0.0,4.0,2.0,2.0,2.0,1.0,0.00975,0.006,0.015,0.039,0.0,3.0,0.0,0.0,1.0,0.0,0.0
167.0,3.0,1.0,1.0,0.03333333333333333,0.02,0.05,0.1,0.0,0.0,0.0,0.0,0.0,0.0,0.0,0.0,0.0,3.0,0.0,0.0,0.0,0.0,0.0,0.0,0.0,0.0,0.0,0.0,0.0,0.0,0.0,0.0,0.0,0.0,0.0,0.0,0.0,0.0,0.0,0.0,0.0,0.0,0.0,0.0,0.0,0.0,0.0,0.0,0.0,0.0,0.0,0.0,0.0,0.0,0.0,0.0,0.0,0.0,0.0,0.0,0.0,3.0,0.0,0.0,0.0,0.0,0.0,0.0,,,,,,,,,,,,,,,,0.0
172.0,16.0,3.0,3.0,0.0220625,0.005,0.061,0.353,0.0,0.0,0.0,0.0,0.0,0.0,13.0,0.0,0.0,3.0,16.0,0.0,0.0,0.0,0.0,0.0,0.0,0.0,0.0,0.0,0.0,0.0,0.0,0.0,0.0,0.0,0.0,0.0,0.0,0.0,0.0,0.0,0.0,0.0,0.0,0.0,0.0,0.0,0.0,0.0,0.0,0.0,0.0,0.0,0.0,0.0,0.0,0.0,0.0,0.0,0.0,0.0,0.0,0.0,0.0,0.0,0.0,0.0,0.0,0.0,,,,,,,,,,,,,,,,0.0
173.0,1362.0,23.0,40.0,6.079611600587372,0.002,75.1,8280.431,1.0,1215.0,9.0,137.0,0.0,0.0,0.0,0.0,0.0,0.0,0.0,732.0,0.0,0.0,0.0,0.0,0.0,0.0,0.0,0.0,0.0,0.0,0.0,0.0,0.0,0.0,0.0,0.0,0.0,0.0,0.0,0.0,0.0,0.0,0.0,0.0,0.0,0.0,0.0,0.0,0.0,0.0,0.0,0.0,394.0,236.0,0.0,0.0,0.0,0.0,0.0,0.0,0.0,0.0,0.0,0.0,0.0,0.0,0.0,0.0,,,,,,,,,,,,,,,,1.0
174.0,29.0,1.0,1.0,0.16172413793103446,0.015,0.824,4.6899999999999995,0.0,0.0,0.0,0.0,0.0,21.0,0.0,0.0,0.0,8.0,29.0,0.0,0.0,0.0,0.0,0.0,0.0,0.0,0.0,0.0,0.0,0.0,0.0,0.0,0.0,0.0,0.0,0.0,0.0,0.0,0.0,0.0,0.0,0.0,0.0,0.0,0.0,0.0,0.0,0.0,0.0,0.0,0.0,0.0,0.0,0.0,0.0,0.0,0.0,0.0,0.0,0.0,0.0,0.0,0.0,0.0,0.0,0.0,0.0,0.0,,,,,,,,,,,,,,,,0.0
188.0,700.0,15.0,19.0,25.499305714285715,0.514,120.0,17849.514,0.0,0.0,0.0,0.0,0.0,700.0,0.0,0.0,0.0,0.0,0.0,0.0,0.0,0.0,0.0,0.0,0.0,0.0,0.0,0.0,0.0,0.0,0.0,0.0,0.0,0.0,0.0,0.0,0.0,0.0,0.0,0.0,0.0,0.0,0.0,0.0,0.0,0.0,0.0,0.0,0.0,0.0,0.0,0.0,0.0,0.0,0.0,700.0,0.0,0.0,0.0,0.0,0.0,0.0,0.0,0.0,0.0,0.0,0.0,0.0,,,,,,,,,,,,,,,,1.0
203.0,29.0,3.0,3.0,56.318137931034485,0.001,227.876,1633.226,0.0,0.0,6.0,0.0,23.0,0.0,0.0,0.0,0.0,0.0,6.0,0.0,0.0,0.0,11.0,0.0,0.0,0.0,0.0,12.0,0.0,0.0,0.0,0.0,0.0,0.0,0.0,0.0,0.0,0.0,0.0,0.0,0.0,0.0,0.0,0.0,0.0,0.0,0.0,0.0,0.0,0.0,0.0,0.0,0.0,0.0,0.0,0.0,0.0,0.0,0.0,0.0,0.0,0.0,0.0,0.0,0.0,0.0,0.0,0.0,23.0,2.0,2.0,2.0,1.0,71.00808695652175,20.02,227.876,1633.1860000000001,10.0,13.0,0.0,0.0,0.0,0.0,0.0
204.0,1602.0,50.0,97.0,118.36832415730338,0.01,630.6,189626.0553,0.0,1425.0,0.0,106.0,0.0,0.0,0.0,47.0,0.0,24.0,0.0,0.0,0.0,0.0,0.0,0.0,0.0,0.0,0.0,0.0,0.0,39.0,0.0,0.0,0.0,0.0,5.0,58.0,19.0,0.0,1346.0,78.0,8.0,0.0,49.0,0.0,0.0,0.0,0.0,0.0,0.0,0.0,0.0,0.0,0.0,0.0,0.0,0.0,0.0,0.0,0.0,0.0,0.0,0.0,0.0,0.0,0.0,0.0,0.0,0.0,649.0,25.0,47.0,47.0,1.0,118.60552377807134,0.0,630.6,179568.763,891.0,282.0,95.0,113.0,51.0,82.0,1.0
210.0,345.0,10.0,23.0,10.217092173913043,0.03,96.416,3524.8968,0.0,306.0,0.0,0.0,0.0,0.0,0.0,10.0,0.0,29.0,0.0,0.0,0.0,0.0,0.0,0.0,0.0,0.0,0.0,0.0,102.0,24.0,10.0,0.0,59.0,0.0,0.0,45.0,0.0,25.0,63.0,0.0,1.0,0.0,0.0,0.0,0.0,0.0,0.0,0.0,0.0,0.0,0.0,0.0,0.0,0.0,0.0,0.0,0.0,0.0,0.0,0.0,0.0,0.0,0.0,0.0,0.0,16.0,0.0,0.0,123.0,7.0,11.0,11.0,1.0,10.954609756097561,0.001,65.997,1347.417,53.0,6.0,1.0,19.0,34.0,10.0,0.0
212.0,,,,,,,,,,,,,,,,,,,,,,,,,,,,,,,,,,,,,,,,,,,,,,,,,,,,,,,,,,,,,,,,,,,,2.0,2.0,2.0,2.0,1.0,20.68046511627907,0.0,545.127,1778.52,16.0,9.0,11.0,41.0,9.0,0.0,1.0
222.0,127.0,3.0,4.0,81.747968503937,0.003,138.18,10381.992,0.0,0.0,0.0,0.0,126.0,0.0,0.0,0.0,0.0,1.0,0.0,0.0,0.0,0.0,0.0,0.0,0.0,0.0,0.0,0.0,0.0,0.0,0.0,0.0,0.0,0.0,1.0,0.0,0.0,0.0,0.0,0.0,0.0,0.0,0.0,126.0,0.0,0.0,0.0,0.0,0.0,0.0,0.0,0.0,0.0,0.0,0.0,0.0,0.0,0.0,0.0,0.0,0.0,0.0,0.0,0.0,0.0,0.0,0.0,0.0,145.0,4.0,7.0,7.0,1.0,93.5353103448276,0.003,250.521,13562.62,119.0,15.0,3.0,0.0,0.0,8.0,0.0
224.0,279.0,2.0,4.0,21.694924731182795,0.459,39.575,6052.884,0.0,279.0,0.0,0.0,0.0,0.0,0.0,0.0,0.0,0.0,0.0,0.0,0.0,0.0,0.0,0.0,0.0,0.0,0.0,0.0,0.0,0.0,0.0,0.0,151.0,128.0,0.0,0.0,0.0,0.0,0.0,0.0,0.0,0.0,0.0,0.0,0.0,0.0,0.0,0.0,0.0,0.0,0.0,0.0,0.0,0.0,0.0,0.0,0.0,0.0,0.0,0.0,0.0,0.0,0.0,0.0,0.0,0.0,0.0,0.0,,,,,,,,,,,,,,,,0.0
228.0,1781.0,23.0,40.0,12.710291970802919,0.01,63.48,22637.03,1.0,1629.0,8.0,143.0,0.0,0.0,0.0,0.0,0.0,0.0,0.0,1082.0,0.0,0.0,0.0,0.0,0.0,0.0,0.0,0.0,0.0,0.0,0.0,0.0,0.0,0.0,0.0,0.0,0.0,0.0,0.0,0.0,0.0,0.0,0.0,0.0,0.0,0.0,0.0,0.0,0.0,0.0,0.0,0.0,566.0,133.0,0.0,0.0,0.0,0.0,0.0,0.0,0.0,0.0,0.0,0.0,0.0,0.0,0.0,0.0,,,,,,,,,,,,,,,,1.0
229.0,25.0,3.0,5.0,6.95548,0.01,16.11,173.887,0.0,0.0,0.0,0.0,0.0,18.0,0.0,0.0,0.0,7.0,0.0,0.0,0.0,0.0,0.0,0.0,0.0,0.0,0.0,0.0,0.0,0.0,0.0,0.0,0.0,0.0,0.0,0.0,0.0,0.0,0.0,0.0,0.0,0.0,0.0,0.0,0.0,0.0,0.0,0.0,0.0,0.0,0.0,0.0,0.0,0.0,0.0,0.0,4.0,0.0,0.0,0.0,0.0,21.0,0.0,0.0,0.0,0.0,0.0,0.0,,,,,,,,,,,,,,,,0.0
233.0,14.0,5.0,5.0,6.320357142857143,0.1,17.22,88.485,0.0,0.0,0.0,0.0,0.0,14.0,0.0,0.0,0.0,0.0,0.0,0.0,0.0,0.0,0.0,0.0,0.0,0.0,0.0,0.0,0.0,0.0,0.0,0.0,0.0,0.0,0.0,0.0,0.0,0.0,0.0,0.0,0.0,0.0,0.0,0.0,0.0,0.0,0.0,0.0,0.0,0.0,0.0,0.0,0.0,0.0,0.0,0.0,0.0,14.0,0.0,0.0,0.0,0.0,0.0,0.0,0.0,0.0,0.0,0.0,,,,,,,,,,,,,,,,0.0
249.0,6.0,1.0,1.0,0.0015000000000000002,0.001,0.003,0.009000000000000001,0.0,0.0,6.0,0.0,0.0,0.0,0.0,0.0,0.0,0.0,0.0,0.0,0.0,0.0,0.0,0.0,0.0,0.0,0.0,0.0,0.0,0.0,0.0,0.0,0.0,0.0,0.0,0.0,0.0,0.0,0.0,0.0,0.0,0.0,0.0,0.0,0.0,0.0,6.0,0.0,0.0,0.0,0.0,0.0,0.0,0.0,0.0,0.0,0.0,0.0,0.0,0.0,0.0,0.0,0.0,0.0,0.0,0.0,0.0,0.0,,,,,,,,,,,,,,,,0.0
251.0,13.0,1.0,1.0,0.002,0.001,0.004,0.026000000000000002,0.0,0.0,13.0,0.0,0.0,0.0,0.0,0.0,0.0,0.0,0.0,0.0,0.0,0.0,0.0,0.0,0.0,0.0,0.0,0.0,0.0,0.0,0.0,0.0,0.0,0.0,0.0,0.0,0.0,0.0,0.0,0.0,0.0,0.0,0.0,0.0,0.0,0.0,13.0,0.0,0.0,0.0,0.0,0.0,0.0,0.0,0.0,0.0,0.0,0.0,0.0,0.0,0.0,0.0,0.0,0.0,0.0,0.0,0.0,0.0,,,,,,,,,,,,,,,,0.0
252.0,17.0,1.0,1.0,0.01688235294117647,0.001,0.079,0.287,0.0,0.0,17.0,0.0,0.0,0.0,0.0,0.0,0.0,0.0,0.0,0.0,0.0,0.0,0.0,0.0,0.0,0.0,0.0,0.0,0.0,0.0,0.0,0.0,0.0,0.0,0.0,0.0,0.0,0.0,0.0,0.0,0.0,0.0,0.0,0.0,0.0,0.0,17.0,0.0,0.0,0.0,0.0,0.0,0.0,0.0,0.0,0.0,0.0,0.0,0.0,0.0,0.0,0.0,0.0,0.0,0.0,0.0,0.0,0.0,,,,,,,,,,,,,,,,0.0
253.0,1.0,1.0,1.0,0.3,0.3,0.3,0.3,0.0,0.0,0.0,0.0,0.0,0.0,0.0,0.0,0.0,1.0,0.0,0.0,0.0,0.0,0.0,0.0,0.0,0.0,0.0,0.0,0.0,0.0,0.0,0.0,0.0,0.0,0.0,0.0,1.0,0.0,0.0,0.0,0.0,0.0,0.0,0.0,0.0,0.0,0.0,0.0,0.0,0.0,0.0,0.0,0.0,0.0,0.0,0.0,0.0,0.0,0.0,0.0,0.0,0.0,0.0,0.0,0.0,0.0,0.0,0.0,,,,,,,,,,,,,,,,0.0
254.0,5.0,1.0,1.0,0.0016,0.001,0.002,0.008,0.0,0.0,5.0,0.0,0.0,0.0,0.0,0.0,0.0,0.0,0.0,0.0,0.0,0.0,0.0,0.0,0.0,0.0,0.0,0.0,0.0,0.0,0.0,0.0,0.0,0.0,0.0,0.0,0.0,0.0,0.0,0.0,0.0,0.0,0.0,0.0,0.0,0.0,5.0,0.0,0.0,0.0,0.0,0.0,0.0,0.0,0.0,0.0,0.0,0.0,0.0,0.0,0.0,0.0,0.0,0.0,0.0,0.0,0.0,0.0,,,,,,,,,,,,,,,,0.0
286.0,87.0,2.0,4.0,1.2501724137931034,0.018,13.257,108.765,0.0,0.0,0.0,0.0,87.0,0.0,0.0,0.0,0.0,0.0,0.0,0.0,0.0,0.0,0.0,0.0,87.0,0.0,0.0,0.0,0.0,0.0,0.0,0.0,0.0,0.0,0.0,0.0,0.0,0.0,0.0,0.0,0.0,0.0,0.0,0.0,0.0,0.0,0.0,0.0,0.0,0.0,0.0,0.0,0.0,0.0,0.0,0.0,0.0,0.0,0.0,0.0,0.0,0.0,0.0,0.0,0.0,0.0,0.0,0.0,55.0,1.0,2.0,2.0,1.0,0.6806727272727272,0.03,2.754,37.437,42.0,0.0,4.0,0.0,0.0,9.0,0.0
291.0,86.0,5.0,7.0,0.011174418604651163,0.002,0.05,0.961,0.0,0.0,0.0,0.0,0.0,0.0,0.0,0.0,0.0,86.0,0.0,0.0,0.0,0.0,0.0,0.0,0.0,0.0,0.0,0.0,0.0,0.0,0.0,0.0,0.0,0.0,0.0,0.0,0.0,0.0,0.0,0.0,0.0,0.0,0.0,0.0,0.0,0.0,0.0,0.0,0.0,0.0,0.0,0.0,0.0,0.0,0.0,86.0,0.0,0.0,0.0,0.0,0.0,0.0,0.0,0.0,0.0,0.0,0.0,0.0,,,,,,,,,,,,,,,,0.0
292.0,13321.0,164.0,313.0,11.289769108775618,0.001,141.171,150391.014298,2.0,3666.0,38.0,2121.0,6153.0,18.0,199.0,734.0,0.0,390.0,3473.0,129.0,0.0,3.0,0.0,0.0,0.0,0.0,866.0,3056.0,491.0,847.0,952.0,49.0,424.0,5.0,8.0,236.0,39.0,838.0,18.0,254.0,0.0,191.0,319.0,0.0,0.0,1.0,0.0,0.0,110.0,76.0,525.0,172.0,88.0,0.0,34.0,0.0,0.0,0.0,11.0,0.0,0.0,0.0,0.0,0.0,31.0,0.0,63.0,12.0,21432.0,82.0,161.0,161.0,1.0,9.239402944846518,0.0,32325.0,370222.876,13156.0,10352.0,12183.0,2761.0,586.0,1032.0,1.0
294.0,2210.0,36.0,96.0,4.038220877828055,0.001,20.343,8924.46814,0.0,1738.0,7.0,0.0,0.0,0.0,0.0,0.0,465.0,0.0,618.0,0.0,0.0,1.0,0.0,0.0,0.0,0.0,0.0,0.0,3.0,25.0,0.0,0.0,0.0,0.0,0.0,0.0,0.0,0.0,211.0,0.0,95.0,1013.0,148.0,0.0,0.0,0.0,0.0,0.0,0.0,0.0,0.0,0.0,0.0,0.0,0.0,0.0,0.0,0.0,0.0,0.0,0.0,0.0,0.0,96.0,0.0,0.0,0.0,0.0,1535.0,16.0,41.0,41.0,1.0,5.88704609929078,0.0,119.0,9960.882,786.0,249.0,405.0,43.0,127.0,82.0,0.0
302.0,,,,,,,,,,,,,,,,,,,,,,,,,,,,,,,,,,,,,,,,,,,,,,,,,,,,,,,,,,,,,,,,,,,,1.0,1.0,1.0,1.0,1.0,0.033,0.033,0.033,0.033,1.0,0.0,0.0,0.0,0.0,0.0,0.0
304.0,222.0,19.0,11.0,102.01136486486487,0.001,716.048,22646.523,0.0,0.0,11.0,0.0,211.0,0.0,0.0,0.0,0.0,0.0,10.0,0.0,0.0,1.0,0.0,0.0,0.0,0.0,206.0,5.0,0.0,0.0,0.0,0.0,0.0,0.0,0.0,0.0,0.0,0.0,0.0,0.0,0.0,0.0,0.0,0.0,0.0,0.0,0.0,0.0,0.0,0.0,0.0,0.0,0.0,0.0,0.0,0.0,0.0,0.0,0.0,0.0,0.0,0.0,0.0,0.0,0.0,0.0,0.0,0.0,157.0,11.0,9.0,9.0,1.0,81.57056811594204,0.001,3222.382,28141.846,96.0,50.0,133.0,58.0,8.0,0.0,0.0
340.0,8.0,1.0,1.0,0.23625,0.018,1.224,1.89,0.0,0.0,0.0,0.0,8.0,0.0,0.0,0.0,0.0,0.0,0.0,0.0,0.0,0.0,0.0,0.0,8.0,0.0,0.0,0.0,0.0,0.0,0.0,0.0,0.0,0.0,0.0,0.0,0.0,0.0,0.0,0.0,0.0,0.0,0.0,0.0,0.0,0.0,0.0,0.0,0.0,0.0,0.0,0.0,0.0,0.0,0.0,0.0,0.0,0.0,0.0,0.0,0.0,0.0,0.0,0.0,0.0,0.0,0.0,0.0,,,,,,,,,,,,,,,,0.0
352.0,1.0,1.0,1.0,0.002,0.002,0.002,0.002,0.0,0.0,1.0,0.0,0.0,0.0,0.0,0.0,0.0,0.0,1.0,0.0,0.0,0.0,0.0,0.0,0.0,0.0,0.0,0.0,0.0,0.0,0.0,0.0,0.0,0.0,0.0,0.0,0.0,0.0,0.0,0.0,0.0,0.0,0.0,0.0,0.0,0.0,0.0,0.0,0.0,0.0,0.0,0.0,0.0,0.0,0.0,0.0,0.0,0.0,0.0,0.0,0.0,0.0,0.0,0.0,0.0,0.0,0.0,0.0,,,,,,,,,,,,,,,,0.0
377.0,15.0,1.0,2.0,0.14566666666666667,0.035,0.3,2.185,0.0,0.0,0.0,0.0,0.0,0.0,0.0,0.0,0.0,15.0,0.0,0.0,0.0,0.0,0.0,0.0,0.0,0.0,0.0,0.0,0.0,0.0,0.0,0.0,0.0,0.0,0.0,0.0,0.0,0.0,0.0,0.0,0.0,0.0,0.0,0.0,0.0,0.0,0.0,0.0,0.0,0.0,0.0,0.0,0.0,0.0,0.0,0.0,0.0,0.0,0.0,0.0,0.0,0.0,0.0,0.0,0.0,0.0,5.0,10.0,,,,,,,,,,,,,,,,0.0
383.0,,,,,,,,,,,,,,,,,,,,,,,,,,,,,,,,,,,,,,,,,,,,,,,,,,,,,,,,,,,,,,,,,,,,1.0,1.0,1.0,1.0,1.0,0.882,0.882,0.882,0.882,0.0,1.0,0.0,0.0,0.0,0.0,0.0
399.0,3.0,1.0,1.0,0.159,0.063,0.339,0.47700000000000004,0.0,0.0,0.0,0.0,0.0,0.0,0.0,0.0,0.0,3.0,0.0,0.0,0.0,0.0,0.0,0.0,0.0,0.0,0.0,3.0,0.0,0.0,0.0,0.0,0.0,0.0,0.0,0.0,0.0,0.0,0.0,0.0,0.0,0.0,0.0,0.0,0.0,0.0,0.0,0.0,0.0,0.0,0.0,0.0,0.0,0.0,0.0,0.0,0.0,0.0,0.0,0.0,0.0,0.0,0.0,0.0,0.0,0.0,0.0,0.0,3.0,1.0,1.0,1.0,1.0,0.08170000000000001,0.005,0.339,1.6340000000000001,3.0,0.0,7.0,4.0,6.0,0.0,0.0
400.0,10674.0,102.0,237.0,84.80578448725876,0.006,927.7,905216.943617,0.0,8681.0,28.0,1427.0,0.0,1.0,0.0,437.0,0.0,100.0,0.0,0.0,0.0,0.0,0.0,0.0,0.0,0.0,0.0,0.0,112.0,110.0,624.0,1.0,373.0,1.0,19.0,262.0,54.0,2503.0,3011.0,2741.0,185.0,387.0,232.0,0.0,0.0,0.0,0.0,0.0,9.0,0.0,0.0,0.0,0.0,0.0,0.0,0.0,0.0,0.0,0.0,0.0,0.0,0.0,0.0,0.0,50.0,0.0,0.0,0.0,6318.0,39.0,119.0,119.0,1.0,17.609386823630288,0.0,2254.469,985755.865,8118.0,18968.0,21644.0,4982.0,1254.0,1013.0,1.0
401.0,348.0,13.0,18.0,0.11844655172413793,0.006,0.977,41.2194,0.0,0.0,0.0,0.0,48.0,0.0,0.0,0.0,0.0,300.0,0.0,0.0,0.0,0.0,0.0,0.0,0.0,0.0,0.0,347.0,0.0,0.0,0.0,0.0,0.0,0.0,0.0,0.0,0.0,0.0,0.0,0.0,0.0,0.0,0.0,0.0,0.0,0.0,0.0,0.0,0.0,0.0,1.0,0.0,0.0,0.0,0.0,0.0,0.0,0.0,0.0,0.0,0.0,0.0,0.0,0.0,0.0,0.0,0.0,0.0,304.0,10.0,16.0,16.0,1.0,0.11532565789473684,0.006,0.788,35.059,115.0,18.0,75.0,88.0,8.0,0.0,0.0
403.0,627.0,18.0,47.0,9.831326953748007,0.008,130.249,6164.242,0.0,266.0,0.0,158.0,0.0,67.0,0.0,6.0,0.0,130.0,0.0,0.0,0.0,0.0,0.0,0.0,0.0,0.0,0.0,0.0,0.0,0.0,18.0,0.0,45.0,0.0,0.0,64.0,3.0,218.0,6.0,171.0,0.0,90.0,0.0,0.0,0.0,0.0,0.0,0.0,0.0,0.0,0.0,0.0,0.0,0.0,0.0,0.0,0.0,0.0,0.0,0.0,0.0,0.0,0.0,0.0,12.0,0.0,0.0,0.0,329.0,6.0,29.0,29.0,1.0,11.804382681564245,0.0,130.249,4225.969,192.0,44.0,22.0,14.0,6.0,80.0,0.0
404.0,14.0,3.0,6.0,0.1625,0.022,0.396,2.275,0.0,0.0,0.0,0.0,0.0,0.0,0.0,0.0,0.0,14.0,0.0,0.0,0.0,0.0,0.0,0.0,0.0,0.0,0.0,0.0,0.0,0.0,0.0,0.0,0.0,0.0,0.0,0.0,0.0,0.0,0.0,0.0,0.0,0.0,0.0,0.0,0.0,0.0,0.0,0.0,0.0,0.0,0.0,0.0,0.0,0.0,0.0,0.0,13.0,0.0,0.0,0.0,1.0,0.0,0.0,0.0,0.0,0.0,0.0,0.0,5.0,1.0,3.0,3.0,1.0,0.1522,0.03,0.396,0.761,0.0,0.0,5.0,0.0,0.0,0.0,0.0
408.0,6982.0,95.0,144.0,3.7315177394729306,0.001,58.72,26053.456857,0.0,24.0,19.0,909.0,5527.0,0.0,184.0,277.0,0.0,42.0,2873.0,0.0,0.0,0.0,0.0,0.0,0.0,0.0,620.0,2829.0,0.0,0.0,0.0,0.0,0.0,0.0,0.0,0.0,0.0,0.0,0.0,0.0,0.0,0.0,0.0,0.0,0.0,0.0,0.0,0.0,0.0,6.0,453.0,174.0,0.0,0.0,27.0,0.0,0.0,0.0,0.0,0.0,0.0,0.0,0.0,0.0,0.0,0.0,0.0,0.0,6585.0,58.0,98.0,98.0,1.0,3.9520396355353076,0.002,68.488,26024.181,3265.0,541.0,2338.0,411.0,24.0,6.0,1.0
409.0,378.0,12.0,15.0,145.08851851851853,3.727,550.029,54843.46,0.0,23.0,0.0,0.0,355.0,0.0,0.0,0.0,0.0,0.0,0.0,0.0,193.0,0.0,11.0,174.0,0.0,0.0,0.0,0.0,0.0,0.0,0.0,0.0,0.0,0.0,0.0,0.0,0.0,0.0,0.0,0.0,0.0,0.0,0.0,0.0,0.0,0.0,0.0,0.0,0.0,0.0,0.0,0.0,0.0,0.0,0.0,0.0,0.0,0.0,0.0,0.0,0.0,0.0,0.0,0.0,0.0,0.0,0.0,0.0,603.0,10.0,14.0,14.0,1.0,142.04817412935324,0.03,550.029,85655.049,169.0,164.0,178.0,27.0,9.0,56.0,0.0
410.0,2845.0,61.0,87.0,3.6857693743409494,0.001,50.801,10486.01387,0.0,0.0,3.0,1.0,82.0,19.0,35.0,0.0,0.0,2705.0,98.0,0.0,0.0,0.0,0.0,0.0,0.0,0.0,114.0,2557.0,0.0,0.0,0.0,0.0,0.0,0.0,0.0,0.0,0.0,0.0,0.0,0.0,0.0,0.0,0.0,0.0,0.0,0.0,0.0,0.0,0.0,1.0,74.0,1.0,0.0,0.0,0.0,0.0,0.0,0.0,0.0,0.0,0.0,0.0,0.0,0.0,0.0,0.0,0.0,0.0,2444.0,45.0,70.0,70.0,1.0,3.9194754500818334,0.004,50.801,9579.198,1261.0,169.0,804.0,189.0,18.0,3.0,1.0
411.0,5.0,1.0,1.0,0.046200000000000005,0.001,0.199,0.231,0.0,0.0,5.0,0.0,0.0,0.0,0.0,0.0,0.0,0.0,2.0,0.0,0.0,3.0,0.0,0.0,0.0,0.0,0.0,0.0,0.0,0.0,0.0,0.0,0.0,0.0,0.0,0.0,0.0,0.0,0.0,0.0,0.0,0.0,0.0,0.0,0.0,0.0,0.0,0.0,0.0,0.0,0.0,0.0,0.0,0.0,0.0,0.0,0.0,0.0,0.0,0.0,0.0,0.0,0.0,0.0,0.0,0.0,0.0,0.0,,,,,,,,,,,,,,,,0.0
414.0,145.0,3.0,6.0,1.8569655172413793,0.02,20.6,269.26,0.0,0.0,0.0,0.0,113.0,0.0,0.0,0.0,0.0,32.0,0.0,0.0,0.0,0.0,0.0,0.0,113.0,0.0,0.0,0.0,0.0,0.0,0.0,0.0,0.0,0.0,0.0,0.0,0.0,0.0,0.0,0.0,0.0,0.0,0.0,0.0,0.0,0.0,0.0,0.0,0.0,0.0,0.0,0.0,0.0,0.0,0.0,0.0,0.0,0.0,0.0,0.0,0.0,0.0,0.0,0.0,0.0,0.0,13.0,19.0,91.0,3.0,4.0,4.0,1.0,0.7295494505494505,0.09,11.021,66.389,61.0,1.0,11.0,3.0,0.0,15.0,0.0
431.0,51.0,4.0,4.0,1.2056666666666667,0.054,9.828,61.489,0.0,0.0,0.0,0.0,51.0,0.0,0.0,0.0,0.0,0.0,0.0,0.0,0.0,0.0,0.0,0.0,51.0,0.0,0.0,0.0,0.0,0.0,0.0,0.0,0.0,0.0,0.0,0.0,0.0,0.0,0.0,0.0,0.0,0.0,0.0,0.0,0.0,0.0,0.0,0.0,0.0,0.0,0.0,0.0,0.0,0.0,0.0,0.0,0.0,0.0,0.0,0.0,0.0,0.0,0.0,0.0,0.0,0.0,0.0,0.0,71.0,3.0,4.0,4.0,1.0,1.0152394366197182,0.072,6.318,72.082,44.0,5.0,20.0,1.0,0.0,1.0,0.0
434.0,1.0,1.0,1.0,4.122,4.122,4.122,4.122,0.0,0.0,0.0,0.0,1.0,0.0,0.0,0.0,0.0,0.0,0.0,0.0,0.0,0.0,0.0,0.0,1.0,0.0,0.0,0.0,0.0,0.0,0.0,0.0,0.0,0.0,0.0,0.0,0.0,0.0,0.0,0.0,0.0,0.0,0.0,0.0,0.0,0.0,0.0,0.0,0.0,0.0,0.0,0.0,0.0,0.0,0.0,0.0,0.0,0.0,0.0,0.0,0.0,0.0,0.0,0.0,0.0,0.0,0.0,0.0,3.0,2.0,2.0,2.0,1.0,3.594,1.8,4.86,10.782,1.0,0.0,2.0,0.0,0.0,0.0,0.0
439.0,159.0,4.0,6.0,3.224044025157233,0.018,42.876,512.623,0.0,0.0,0.0,0.0,159.0,0.0,0.0,0.0,0.0,0.0,0.0,0.0,0.0,0.0,0.0,0.0,159.0,0.0,0.0,0.0,0.0,0.0,0.0,0.0,0.0,0.0,0.0,0.0,0.0,0.0,0.0,0.0,0.0,0.0,0.0,0.0,0.0,0.0,0.0,0.0,0.0,0.0,0.0,0.0,0.0,0.0,0.0,0.0,0.0,0.0,0.0,0.0,0.0,0.0,0.0,0.0,0.0,0.0,0.0,0.0,156.0,3.0,4.0,4.0,1.0,1.3124760479041917,0.001,47.615,438.367,98.0,43.0,100.0,41.0,20.0,32.0,0.0
451.0,2298.0,42.0,96.0,7.762473455178417,0.005,130.899,17838.164,0.0,838.0,0.0,779.0,0.0,493.0,0.0,107.0,0.0,81.0,0.0,0.0,0.0,0.0,0.0,0.0,0.0,0.0,0.0,0.0,262.0,199.0,600.0,0.0,179.0,1.0,0.0,178.0,13.0,297.0,1.0,176.0,0.0,286.0,70.0,0.0,0.0,0.0,0.0,0.0,0.0,0.0,0.0,0.0,0.0,0.0,0.0,0.0,0.0,0.0,0.0,0.0,0.0,0.0,0.0,0.0,36.0,0.0,0.0,0.0,1040.0,12.0,38.0,38.0,1.0,13.051117307692309,0.0,130.899,13573.162,649.0,129.0,50.0,13.0,17.0,182.0,1.0
453.0,76.0,1.0,2.0,1.715921052631579,0.054,10.8,130.41,0.0,0.0,0.0,0.0,76.0,0.0,0.0,0.0,0.0,0.0,0.0,0.0,0.0,0.0,0.0,0.0,76.0,0.0,0.0,0.0,0.0,0.0,0.0,0.0,0.0,0.0,0.0,0.0,0.0,0.0,0.0,0.0,0.0,0.0,0.0,0.0,0.0,0.0,0.0,0.0,0.0,0.0,0.0,0.0,0.0,0.0,0.0,0.0,0.0,0.0,0.0,0.0,0.0,0.0,0.0,0.0,0.0,0.0,0.0,0.0,78.0,1.0,2.0,2.0,1.0,1.681346153846154,0.054,10.8,131.145,56.0,1.0,2.0,0.0,0.0,19.0,0.0
457.0,69.0,7.0,13.0,0.2184782608695652,0.01,1.558,15.075,0.0,0.0,0.0,0.0,0.0,0.0,0.0,0.0,0.0,69.0,0.0,0.0,0.0,0.0,0.0,0.0,0.0,0.0,0.0,0.0,0.0,0.0,1.0,0.0,0.0,0.0,0.0,6.0,0.0,23.0,0.0,39.0,0.0,0.0,0.0,0.0,0.0,0.0,0.0,0.0,0.0,0.0,0.0,0.0,0.0,0.0,0.0,0.0,0.0,0.0,0.0,0.0,0.0,0.0,0.0,0.0,0.0,0.0,0.0,0.0,57.0,3.0,10.0,10.0,1.0,2.1840526315789472,0.006,97.991,124.491,27.0,1.0,2.0,1.0,0.0,26.0,0.0
469.0,26.0,2.0,3.0,0.8265384615384614,0.02,3.348,21.49,0.0,0.0,0.0,0.0,26.0,0.0,0.0,0.0,0.0,0.0,0.0,0.0,0.0,0.0,0.0,0.0,26.0,0.0,0.0,0.0,0.0,0.0,0.0,0.0,0.0,0.0,0.0,0.0,0.0,0.0,0.0,0.0,0.0,0.0,0.0,0.0,0.0,0.0,0.0,0.0,0.0,0.0,0.0,0.0,0.0,0.0,0.0,0.0,0.0,0.0,0.0,0.0,0.0,0.0,0.0,0.0,0.0,0.0,0.0,0.0,1.0,1.0,1.0,1.0,1.0,0.486,0.486,0.486,0.486,1.0,0.0,0.0,0.0,0.0,0.0,0.0
473.0,1.0,1.0,1.0,0.033,0.033,0.033,0.033,0.0,0.0,0.0,0.0,0.0,0.0,0.0,0.0,0.0,1.0,0.0,0.0,0.0,0.0,0.0,0.0,0.0,0.0,0.0,0.0,0.0,0.0,0.0,0.0,0.0,0.0,0.0,1.0,0.0,0.0,0.0,0.0,0.0,0.0,0.0,0.0,0.0,0.0,0.0,0.0,0.0,0.0,0.0,0.0,0.0,0.0,0.0,0.0,0.0,0.0,0.0,0.0,0.0,0.0,0.0,0.0,0.0,0.0,0.0,0.0,,,,,,,,,,,,,,,,0.0
487.0,32.0,6.0,10.0,0.19653125,0.01,2.538,6.289,0.0,0.0,0.0,0.0,0.0,0.0,0.0,0.0,0.0,32.0,0.0,0.0,0.0,0.0,0.0,0.0,0.0,0.0,0.0,0.0,0.0,0.0,0.0,0.0,0.0,0.0,0.0,0.0,0.0,0.0,0.0,0.0,0.0,0.0,0.0,0.0,0.0,0.0,0.0,0.0,0.0,0.0,0.0,0.0,0.0,0.0,0.0,0.0,24.0,0.0,0.0,0.0,4.0,1.0,3.0,0.0,0.0,0.0,0.0,0.0,11.0,1.0,3.0,3.0,1.0,0.23371739130434782,0.001,1.671,21.502,0.0,11.0,69.0,6.0,6.0,0.0,0.0
508.0,15.0,2.0,1.0,108.04926666666667,8.455,202.841,1620.739,0.0,0.0,0.0,0.0,15.0,0.0,0.0,0.0,0.0,0.0,0.0,0.0,0.0,0.0,0.0,0.0,0.0,0.0,0.0,0.0,0.0,0.0,0.0,0.0,0.0,0.0,0.0,0.0,0.0,0.0,0.0,0.0,0.0,0.0,0.0,0.0,0.0,0.0,0.0,15.0,0.0,0.0,0.0,0.0,0.0,0.0,0.0,0.0,0.0,0.0,0.0,0.0,0.0,0.0,0.0,0.0,0.0,0.0,0.0,0.0,,,,,,,,,,,,,,,,1.0
510.0,360.0,4.0,6.0,17.197055555555554,0.03,94.56,6190.94,0.0,0.0,0.0,0.0,360.0,0.0,0.0,0.0,0.0,0.0,0.0,0.0,0.0,0.0,0.0,0.0,360.0,0.0,0.0,0.0,0.0,0.0,0.0,0.0,0.0,0.0,0.0,0.0,0.0,0.0,0.0,0.0,0.0,0.0,0.0,0.0,0.0,0.0,0.0,0.0,0.0,0.0,0.0,0.0,0.0,0.0,0.0,0.0,0.0,0.0,0.0,0.0,0.0,0.0,0.0,0.0,0.0,0.0,0.0,0.0,,,,,,,,,,,,,,,,0.0
512.0,,,,,,,,,,,,,,,,,,,,,,,,,,,,,,,,,,,,,,,,,,,,,,,,,,,,,,,,,,,,,,,,,,,,2.0,1.0,1.0,1.0,1.0,1.2244,0.001,29.4,648.932,18.0,103.0,292.0,72.0,35.0,10.0,0.0
516.0,165.0,13.0,19.0,2.3127636363636364,0.015,19.65,381.606,0.0,0.0,0.0,0.0,0.0,24.0,0.0,0.0,0.0,141.0,0.0,0.0,0.0,0.0,0.0,0.0,0.0,0.0,0.0,0.0,0.0,0.0,0.0,0.0,0.0,0.0,0.0,0.0,0.0,0.0,0.0,0.0,0.0,0.0,0.0,0.0,0.0,0.0,0.0,0.0,0.0,0.0,0.0,0.0,0.0,0.0,0.0,0.0,97.0,0.0,0.0,0.0,36.0,20.0,12.0,0.0,0.0,0.0,0.0,0.0,,,,,,,,,,,,,,,,0.0
551.0,3.0,1.0,1.0,0.13799999999999998,0.054,0.306,0.414,0.0,0.0,0.0,0.0,3.0,0.0,0.0,0.0,0.0,0.0,0.0,0.0,0.0,0.0,0.0,0.0,3.0,0.0,0.0,0.0,0.0,0.0,0.0,0.0,0.0,0.0,0.0,0.0,0.0,0.0,0.0,0.0,0.0,0.0,0.0,0.0,0.0,0.0,0.0,0.0,0.0,0.0,0.0,0.0,0.0,0.0,0.0,0.0,0.0,0.0,0.0,0.0,0.0,0.0,0.0,0.0,0.0,0.0,0.0,0.0,,,,,,,,,,,,,,,,0.0
556.0,4.0,1.0,1.0,0.1935,0.054,0.324,0.774,0.0,0.0,0.0,0.0,4.0,0.0,0.0,0.0,0.0,0.0,0.0,0.0,0.0,0.0,0.0,0.0,4.0,0.0,0.0,0.0,0.0,0.0,0.0,0.0,0.0,0.0,0.0,0.0,0.0,0.0,0.0,0.0,0.0,0.0,0.0,0.0,0.0,0.0,0.0,0.0,0.0,0.0,0.0,0.0,0.0,0.0,0.0,0.0,0.0,0.0,0.0,0.0,0.0,0.0,0.0,0.0,0.0,0.0,0.0,0.0,,,,,,,,,,,,,,,,0.0
558.0,12.0,1.0,1.0,0.010666666666666666,0.001,0.059,0.128,0.0,0.0,12.0,0.0,0.0,0.0,0.0,0.0,0.0,0.0,0.0,0.0,0.0,0.0,0.0,0.0,0.0,0.0,0.0,0.0,0.0,0.0,0.0,0.0,0.0,0.0,0.0,0.0,0.0,0.0,0.0,0.0,0.0,0.0,0.0,0.0,0.0,0.0,12.0,0.0,0.0,0.0,0.0,0.0,0.0,0.0,0.0,0.0,0.0,0.0,0.0,0.0,0.0,0.0,0.0,0.0,0.0,0.0,0.0,0.0,,,,,,,,,,,,,,,,0.0
571.0,1.0,1.0,1.0,0.42,0.42,0.42,0.42,0.0,0.0,0.0,0.0,0.0,0.0,0.0,0.0,0.0,1.0,0.0,0.0,0.0,0.0,0.0,1.0,0.0,0.0,0.0,0.0,0.0,0.0,0.0,0.0,0.0,0.0,0.0,0.0,0.0,0.0,0.0,0.0,0.0,0.0,0.0,0.0,0.0,0.0,0.0,0.0,0.0,0.0,0.0,0.0,0.0,0.0,0.0,0.0,0.0,0.0,0.0,0.0,0.0,0.0,0.0,0.0,0.0,0.0,0.0,0.0,1.0,1.0,1.0,1.0,1.0,0.42,0.42,0.42,0.42,0.0,0.0,0.0,0.0,0.0,1.0,0.0
572.0,6.0,1.0,1.0,0.543,0.072,1.854,3.258,0.0,0.0,0.0,0.0,6.0,0.0,0.0,0.0,0.0,0.0,0.0,0.0,0.0,0.0,0.0,0.0,6.0,0.0,0.0,0.0,0.0,0.0,0.0,0.0,0.0,0.0,0.0,0.0,0.0,0.0,0.0,0.0,0.0,0.0,0.0,0.0,0.0,0.0,0.0,0.0,0.0,0.0,0.0,0.0,0.0,0.0,0.0,0.0,0.0,0.0,0.0,0.0,0.0,0.0,0.0,0.0,0.0,0.0,0.0,0.0,,,,,,,,,,,,,,,,0.0
591.0,14.0,1.0,2.0,0.04007142857142858,0.019,0.1,0.561,0.0,0.0,0.0,0.0,0.0,0.0,14.0,0.0,0.0,0.0,14.0,0.0,0.0,0.0,0.0,0.0,0.0,0.0,0.0,0.0,0.0,0.0,0.0,0.0,0.0,0.0,0.0,0.0,0.0,0.0,0.0,0.0,0.0,0.0,0.0,0.0,0.0,0.0,0.0,0.0,0.0,0.0,0.0,0.0,0.0,0.0,0.0,0.0,0.0,0.0,0.0,0.0,0.0,0.0,0.0,0.0,0.0,0.0,0.0,0.0,,,,,,,,,,,,,,,,0.0
610.0,3735.0,77.0,116.0,0.8966582358768408,0.002,32.313,3349.018511,0.0,0.0,15.0,0.0,2.0,243.0,50.0,0.0,0.0,3425.0,1983.0,0.0,0.0,3.0,0.0,0.0,0.0,0.0,662.0,434.0,0.0,0.0,0.0,0.0,0.0,0.0,0.0,0.0,0.0,0.0,0.0,0.0,0.0,0.0,0.0,0.0,0.0,0.0,0.0,0.0,0.0,66.0,426.0,161.0,0.0,0.0,0.0,0.0,0.0,0.0,0.0,0.0,0.0,0.0,0.0,0.0,0.0,0.0,0.0,0.0,4454.0,56.0,93.0,93.0,1.0,1.002682308037719,0.002,35.745,4465.947,2307.0,410.0,1515.0,207.0,9.0,6.0,1.0
614.0,180.0,10.0,7.0,0.77345,0.036,13.398,139.221,0.0,0.0,0.0,0.0,0.0,0.0,0.0,0.0,0.0,180.0,99.0,0.0,0.0,0.0,0.0,0.0,0.0,0.0,15.0,64.0,0.0,0.0,0.0,0.0,0.0,0.0,0.0,0.0,0.0,0.0,0.0,0.0,0.0,0.0,0.0,0.0,0.0,0.0,0.0,0.0,0.0,0.0,2.0,0.0,0.0,0.0,0.0,0.0,0.0,0.0,0.0,0.0,0.0,0.0,0.0,0.0,0.0,0.0,0.0,0.0,130.0,11.0,9.0,9.0,1.0,0.3063769230769231,0.026,2.107,39.829,84.0,30.0,13.0,3.0,0.0,0.0,0.0
616.0,1086.0,59.0,91.0,0.27613805709023936,0.001,7.807999,299.88593,0.0,0.0,11.0,0.0,35.0,77.0,23.0,0.0,0.0,940.0,362.0,0.0,0.0,0.0,0.0,0.0,0.0,0.0,96.0,289.0,0.0,0.0,0.0,0.0,0.0,0.0,0.0,0.0,0.0,0.0,0.0,0.0,0.0,0.0,0.0,0.0,0.0,0.0,0.0,0.0,0.0,0.0,264.0,54.0,0.0,0.0,21.0,0.0,0.0,0.0,0.0,0.0,0.0,0.0,0.0,0.0,0.0,0.0,0.0,0.0,1265.0,43.0,74.0,74.0,1.0,0.30279604743083,0.001,7.808,383.037,547.0,89.0,510.0,114.0,4.0,1.0,1.0
617.0,3934.0,83.0,129.0,0.42719172699542446,0.001,12.672,1680.572254,0.0,0.0,13.0,0.0,0.0,248.0,80.0,0.0,0.0,3593.0,2196.0,0.0,0.0,3.0,0.0,0.0,0.0,0.0,673.0,512.0,0.0,0.0,0.0,0.0,0.0,0.0,0.0,0.0,0.0,0.0,0.0,0.0,0.0,0.0,0.0,0.0,0.0,0.0,0.0,0.0,0.0,65.0,319.0,159.0,0.0,0.0,7.0,0.0,0.0,0.0,0.0,0.0,0.0,0.0,0.0,0.0,0.0,0.0,0.0,0.0,4342.0,57.0,92.0,92.0,1.0,0.3988044679871027,0.002,12.672,1731.609,2191.0,368.0,1542.0,225.0,11.0,5.0,1.0
631.0,23.0,3.0,4.0,1.3887391304347825,0.072,4.518,31.941,0.0,0.0,0.0,0.0,23.0,0.0,0.0,0.0,0.0,0.0,0.0,0.0,0.0,0.0,0.0,0.0,23.0,0.0,0.0,0.0,0.0,0.0,0.0,0.0,0.0,0.0,0.0,0.0,0.0,0.0,0.0,0.0,0.0,0.0,0.0,0.0,0.0,0.0,0.0,0.0,0.0,0.0,0.0,0.0,0.0,0.0,0.0,0.0,0.0,0.0,0.0,0.0,0.0,0.0,0.0,0.0,0.0,0.0,0.0,0.0,41.0,3.0,4.0,4.0,1.0,3.1181463414634147,0.027,29.295,127.84400000000001,27.0,2.0,3.0,1.0,0.0,8.0,0.0
639.0,5.0,1.0,1.0,0.0936,0.062,0.137,0.468,0.0,3.0,0.0,0.0,0.0,2.0,0.0,0.0,0.0,0.0,0.0,0.0,0.0,0.0,0.0,0.0,0.0,0.0,0.0,0.0,0.0,0.0,0.0,0.0,0.0,0.0,0.0,0.0,0.0,0.0,0.0,0.0,0.0,1.0,0.0,0.0,0.0,0.0,0.0,0.0,0.0,0.0,0.0,0.0,0.0,0.0,0.0,0.0,0.0,0.0,0.0,0.0,0.0,0.0,0.0,0.0,4.0,0.0,0.0,0.0,41.0,2.0,8.0,8.0,1.0,5.838829268292683,0.75,24.406,239.392,17.0,12.0,2.0,2.0,0.0,8.0,0.0
645.0,374.0,8.0,11.0,72.47840106951871,0.02,389.832,27106.922,0.0,0.0,0.0,0.0,374.0,0.0,0.0,0.0,0.0,0.0,0.0,0.0,1.0,0.0,0.0,0.0,239.0,0.0,0.0,0.0,0.0,0.0,0.0,0.0,0.0,0.0,0.0,0.0,0.0,0.0,0.0,0.0,0.0,0.0,0.0,125.0,0.0,0.0,0.0,9.0,0.0,0.0,0.0,0.0,0.0,0.0,0.0,0.0,0.0,0.0,0.0,0.0,0.0,0.0,0.0,0.0,0.0,0.0,0.0,0.0,351.0,6.0,12.0,12.0,1.0,77.31168091168091,0.003,596.873,27136.4,252.0,22.0,15.0,8.0,0.0,54.0,0.0
650.0,12.0,1.0,2.0,0.7552500000000001,0.18,1.44,9.063,0.0,0.0,0.0,0.0,12.0,0.0,0.0,0.0,0.0,0.0,0.0,0.0,0.0,0.0,0.0,0.0,12.0,0.0,0.0,0.0,0.0,0.0,0.0,0.0,0.0,0.0,0.0,0.0,0.0,0.0,0.0,0.0,0.0,0.0,0.0,0.0,0.0,0.0,0.0,0.0,0.0,0.0,0.0,0.0,0.0,0.0,0.0,0.0,0.0,0.0,0.0,0.0,0.0,0.0,0.0,0.0,0.0,0.0,0.0,0.0,12.0,1.0,2.0,2.0,1.0,0.7552500000000001,0.18,1.44,9.063,10.0,0.0,0.0,0.0,0.0,2.0,0.0
672.0,9.0,2.0,2.0,1.2382222222222223,0.02,6.048,11.144,0.0,0.0,0.0,0.0,9.0,0.0,0.0,0.0,0.0,0.0,0.0,0.0,0.0,0.0,0.0,0.0,9.0,0.0,0.0,0.0,0.0,0.0,0.0,0.0,0.0,0.0,0.0,0.0,0.0,0.0,0.0,0.0,0.0,0.0,0.0,0.0,0.0,0.0,0.0,0.0,0.0,0.0,0.0,0.0,0.0,0.0,0.0,0.0,0.0,0.0,0.0,0.0,0.0,0.0,0.0,0.0,0.0,0.0,0.0,0.0,,,,,,,,,,,,,,,,0.0
677.0,1452.0,41.0,72.0,2.9039304407713495,0.001,61.041,4216.507,0.0,43.0,2.0,3.0,0.0,282.0,0.0,0.0,0.0,1122.0,1.0,0.0,0.0,1.0,0.0,0.0,0.0,0.0,0.0,0.0,1.0,1.0,366.0,0.0,290.0,0.0,0.0,42.0,1.0,346.0,1.0,57.0,0.0,288.0,0.0,0.0,0.0,0.0,0.0,0.0,0.0,0.0,0.0,0.0,0.0,0.0,0.0,17.0,0.0,0.0,0.0,0.0,0.0,0.0,0.0,0.0,40.0,0.0,0.0,0.0,762.0,10.0,29.0,29.0,1.0,3.841292650918635,0.0,39.027,2927.065,494.0,144.0,28.0,9.0,13.0,74.0,0.0
683.0,664.0,38.0,50.0,2.7044653614457834,0.001,48.446,1795.765,0.0,145.0,7.0,1.0,59.0,0.0,68.0,0.0,0.0,384.0,421.0,0.0,0.0,0.0,0.0,0.0,0.0,0.0,0.0,23.0,53.0,0.0,47.0,0.0,1.0,0.0,1.0,0.0,0.0,0.0,0.0,0.0,0.0,0.0,0.0,0.0,0.0,0.0,0.0,0.0,5.0,0.0,0.0,0.0,0.0,0.0,0.0,0.0,0.0,0.0,11.0,0.0,0.0,0.0,0.0,0.0,0.0,0.0,77.0,25.0,189.0,15.0,18.0,18.0,1.0,1.3032485714285715,0.0,48.0,456.137,79.0,91.0,114.0,46.0,17.0,3.0,1.0
692.0,924.0,23.0,53.0,14.347170995670997,0.01,99.335,13256.786,0.0,616.0,0.0,72.0,0.0,163.0,0.0,9.0,0.0,64.0,0.0,0.0,0.0,0.0,0.0,0.0,0.0,0.0,0.0,0.0,55.0,118.0,256.0,0.0,118.0,123.0,2.0,3.0,4.0,0.0,0.0,0.0,0.0,208.0,0.0,0.0,0.0,0.0,0.0,0.0,0.0,0.0,0.0,0.0,0.0,0.0,0.0,0.0,0.0,0.0,0.0,0.0,0.0,0.0,0.0,0.0,37.0,0.0,0.0,0.0,227.0,7.0,15.0,15.0,1.0,12.7802161671208,0.0,99.0,14071.018,499.0,267.0,100.0,188.0,17.0,30.0,0.0
696.0,67.0,6.0,15.0,0.5052089552238805,0.008,5.236,33.849,0.0,0.0,0.0,0.0,0.0,23.0,0.0,0.0,0.0,44.0,0.0,0.0,0.0,0.0,0.0,0.0,0.0,0.0,0.0,0.0,36.0,17.0,1.0,0.0,0.0,0.0,0.0,0.0,0.0,0.0,3.0,0.0,0.0,0.0,0.0,0.0,0.0,0.0,0.0,0.0,10.0,0.0,0.0,0.0,0.0,0.0,0.0,0.0,0.0,0.0,0.0,0.0,0.0,0.0,0.0,0.0,0.0,0.0,0.0,0.0,26.0,5.0,6.0,6.0,1.0,0.6899090909090909,0.0,9.295,30.355999999999998,27.0,8.0,2.0,3.0,0.0,4.0,0.0
713.0,16.0,4.0,4.0,0.50258125,0.0047,2.614,8.0413,0.0,11.0,0.0,0.0,1.0,0.0,0.0,0.0,0.0,4.0,0.0,0.0,0.0,0.0,0.0,0.0,0.0,0.0,0.0,1.0,0.0,0.0,11.0,0.0,0.0,0.0,0.0,0.0,0.0,3.0,0.0,1.0,0.0,0.0,0.0,0.0,0.0,0.0,0.0,0.0,0.0,0.0,0.0,0.0,0.0,0.0,0.0,0.0,0.0,0.0,0.0,0.0,0.0,0.0,0.0,0.0,0.0,0.0,0.0,0.0,1.0,1.0,1.0,1.0,1.0,0.5252814755412991,0.0,1438.0,11135.442,1199.0,9124.0,8341.0,1990.0,424.0,121.0,0.0
714.0,3442.0,86.0,128.0,0.4513496545613016,0.001,10.7172,1553.545511,0.0,0.0,28.0,0.0,7.0,166.0,0.0,0.0,0.0,3241.0,2104.0,0.0,0.0,3.0,0.0,0.0,0.0,0.0,497.0,336.0,0.0,0.0,0.0,0.0,0.0,0.0,0.0,0.0,0.0,0.0,0.0,0.0,0.0,0.0,0.0,0.0,0.0,0.0,0.0,0.0,0.0,46.0,248.0,108.0,0.0,0.0,13.0,0.0,0.0,0.0,3.0,0.0,0.0,0.0,0.0,0.0,0.0,0.0,67.0,17.0,3566.0,56.0,93.0,93.0,1.0,0.5087263039820527,0.001,13.789,1814.118,1621.0,276.0,1442.0,215.0,6.0,6.0,1.0
717.0,353.0,13.0,30.0,0.18392067988668556,0.001,7.0,64.924,0.0,309.0,0.0,44.0,0.0,0.0,0.0,0.0,0.0,0.0,0.0,241.0,0.0,0.0,0.0,0.0,0.0,0.0,0.0,0.0,0.0,0.0,0.0,0.0,0.0,0.0,0.0,0.0,0.0,0.0,0.0,0.0,0.0,0.0,0.0,0.0,0.0,0.0,0.0,0.0,0.0,0.0,0.0,0.0,112.0,0.0,0.0,0.0,0.0,0.0,0.0,0.0,0.0,0.0,0.0,0.0,0.0,0.0,0.0,0.0,,,,,,,,,,,,,,,,1.0
720.0,53.0,5.0,6.0,0.04992452830188679,0.004,0.327,2.646,0.0,0.0,3.0,0.0,0.0,0.0,38.0,0.0,0.0,12.0,51.0,0.0,0.0,0.0,0.0,0.0,0.0,0.0,0.0,0.0,0.0,0.0,0.0,0.0,0.0,0.0,0.0,0.0,0.0,0.0,0.0,0.0,0.0,0.0,0.0,0.0,0.0,0.0,0.0,0.0,0.0,0.0,0.0,0.0,0.0,0.0,2.0,0.0,0.0,0.0,0.0,0.0,0.0,0.0,0.0,0.0,0.0,0.0,0.0,0.0,,,,,,,,,,,,,,,,0.0
721.0,984.0,61.0,75.0,0.596138081300813,0.001,8.587,586.599872,1.0,0.0,27.0,0.0,0.0,244.0,0.0,0.0,0.0,712.0,954.0,9.0,0.0,0.0,0.0,0.0,0.0,0.0,1.0,0.0,0.0,0.0,0.0,0.0,0.0,0.0,0.0,0.0,0.0,0.0,0.0,0.0,0.0,0.0,0.0,0.0,0.0,0.0,0.0,0.0,0.0,0.0,0.0,0.0,0.0,0.0,20.0,0.0,0.0,0.0,0.0,0.0,0.0,0.0,0.0,0.0,0.0,0.0,0.0,0.0,671.0,35.0,50.0,50.0,1.0,0.570715976331361,0.0,17.192,578.706,314.0,84.0,446.0,130.0,36.0,4.0,1.0
729.0,673.0,19.0,28.0,0.9642287265973254,0.001,18.975,648.925933,0.0,7.0,17.0,2.0,199.0,0.0,0.0,0.0,0.0,448.0,283.0,0.0,0.0,3.0,0.0,0.0,0.0,0.0,131.0,145.0,0.0,0.0,0.0,0.0,0.0,0.0,0.0,0.0,0.0,0.0,0.0,0.0,0.0,0.0,0.0,0.0,0.0,0.0,0.0,0.0,0.0,1.0,77.0,12.0,0.0,0.0,0.0,0.0,0.0,0.0,0.0,0.0,0.0,0.0,0.0,0.0,0.0,21.0,0.0,0.0,536.0,11.0,18.0,18.0,1.0,1.1272835820895524,0.001,21.13,604.224,430.0,40.0,46.0,18.0,0.0,2.0,0.0
731.0,9.0,1.0,2.0,10.782777777777778,3.315,22.035,97.045,0.0,0.0,0.0,0.0,5.0,4.0,0.0,0.0,0.0,0.0,0.0,0.0,0.0,0.0,0.0,0.0,0.0,0.0,0.0,0.0,0.0,0.0,0.0,0.0,0.0,0.0,0.0,0.0,0.0,0.0,0.0,0.0,0.0,0.0,0.0,0.0,0.0,0.0,0.0,0.0,0.0,0.0,0.0,0.0,0.0,0.0,0.0,0.0,0.0,0.0,0.0,0.0,0.0,0.0,0.0,0.0,0.0,0.0,9.0,0.0,,,,,,,,,,,,,,,,0.0
733.0,27.0,3.0,5.0,0.4157037037037037,0.065,1.062,11.224,0.0,0.0,0.0,0.0,0.0,27.0,0.0,0.0,0.0,0.0,0.0,0.0,0.0,0.0,0.0,0.0,0.0,0.0,0.0,0.0,0.0,0.0,0.0,0.0,0.0,0.0,0.0,0.0,0.0,0.0,0.0,0.0,0.0,0.0,0.0,0.0,0.0,0.0,0.0,0.0,0.0,0.0,0.0,0.0,0.0,0.0,0.0,0.0,15.0,0.0,0.0,0.0,0.0,0.0,12.0,0.0,0.0,0.0,0.0,0.0,,,,,,,,,,,,,,,,0.0
734.0,68.0,2.0,3.0,1.45025,0.002,15.705,98.617,0.0,26.0,1.0,0.0,41.0,0.0,0.0,0.0,0.0,0.0,1.0,0.0,0.0,0.0,0.0,0.0,0.0,0.0,0.0,0.0,0.0,0.0,0.0,0.0,0.0,0.0,0.0,0.0,0.0,0.0,0.0,0.0,0.0,0.0,0.0,0.0,0.0,0.0,0.0,0.0,0.0,0.0,0.0,0.0,0.0,0.0,0.0,0.0,0.0,0.0,0.0,0.0,0.0,0.0,0.0,0.0,0.0,0.0,44.0,23.0,,,,,,,,,,,,,,,,0.0
738.0,125.0,4.0,6.0,22.939872,0.12,61.416,2867.484,0.0,0.0,0.0,0.0,125.0,0.0,0.0,0.0,0.0,0.0,0.0,0.0,0.0,0.0,0.0,0.0,125.0,0.0,0.0,0.0,0.0,0.0,0.0,0.0,0.0,0.0,0.0,0.0,0.0,0.0,0.0,0.0,0.0,0.0,0.0,0.0,0.0,0.0,0.0,0.0,0.0,0.0,0.0,0.0,0.0,0.0,0.0,0.0,0.0,0.0,0.0,0.0,0.0,0.0,0.0,0.0,0.0,0.0,0.0,0.0,141.0,4.0,5.0,5.0,1.0,13.369554054054055,0.002,216.0,3957.388,97.0,84.0,91.0,23.0,0.0,1.0,0.0
755.0,136.0,6.0,9.0,14.030904411764705,0.058,41.3,1908.203,0.0,0.0,0.0,0.0,0.0,132.0,0.0,0.0,0.0,4.0,0.0,0.0,0.0,0.0,0.0,0.0,0.0,0.0,0.0,0.0,0.0,0.0,0.0,0.0,0.0,0.0,0.0,0.0,0.0,0.0,0.0,0.0,0.0,0.0,0.0,0.0,0.0,0.0,0.0,0.0,0.0,0.0,0.0,0.0,0.0,0.0,0.0,0.0,0.0,0.0,0.0,15.0,0.0,121.0,0.0,0.0,0.0,0.0,0.0,0.0,,,,,,,,,,,,,,,,0.0
760.0,2.0,1.0,1.0,9.1525,4.505,13.8,18.305,0.0,0.0,0.0,0.0,0.0,0.0,0.0,0.0,0.0,2.0,0.0,0.0,0.0,0.0,0.0,0.0,0.0,0.0,0.0,0.0,0.0,0.0,0.0,0.0,0.0,0.0,0.0,2.0,0.0,0.0,0.0,0.0,0.0,0.0,0.0,0.0,0.0,0.0,0.0,0.0,0.0,0.0,0.0,0.0,0.0,0.0,0.0,0.0,0.0,0.0,0.0,0.0,0.0,0.0,0.0,0.0,0.0,0.0,0.0,0.0,7.0,2.0,4.0,4.0,1.0,132.88814285714287,4.505,204.348,930.2170000000001,4.0,1.0,1.0,0.0,1.0,0.0,0.0
779.0,663.0,16.0,27.0,0.15900573152337857,0.019,3.066,105.4208,0.0,0.0,0.0,0.0,58.0,0.0,7.0,0.0,0.0,598.0,7.0,0.0,0.0,0.0,0.0,0.0,0.0,0.0,12.0,578.0,0.0,0.0,0.0,0.0,0.0,0.0,0.0,0.0,0.0,0.0,0.0,0.0,0.0,0.0,0.0,0.0,0.0,0.0,0.0,0.0,0.0,0.0,66.0,0.0,0.0,0.0,0.0,0.0,0.0,0.0,0.0,0.0,0.0,0.0,0.0,0.0,0.0,0.0,0.0,0.0,613.0,11.0,19.0,19.0,1.0,0.1904061990212072,0.012,3.066,116.71900000000001,363.0,62.0,70.0,104.0,13.0,1.0,0.0
821.0,687.0,15.0,17.0,2.8774812227074236,0.008,13.938,1976.8296,0.0,661.0,0.0,26.0,0.0,0.0,0.0,0.0,0.0,0.0,0.0,0.0,0.0,0.0,0.0,0.0,0.0,0.0,0.0,0.0,0.0,0.0,0.0,0.0,0.0,0.0,0.0,506.0,137.0,0.0,0.0,0.0,7.0,0.0,37.0,0.0,0.0,0.0,0.0,0.0,0.0,0.0,0.0,0.0,0.0,0.0,0.0,0.0,0.0,0.0,0.0,0.0,0.0,0.0,0.0,0.0,0.0,0.0,0.0,0.0,,,,,,,,,,,,,,,,1.0
833.0,62.0,3.0,6.0,0.13112903225806452,0.002,1.17,8.13,0.0,0.0,0.0,0.0,0.0,6.0,0.0,0.0,0.0,56.0,0.0,0.0,0.0,0.0,0.0,0.0,0.0,0.0,0.0,0.0,0.0,0.0,0.0,0.0,6.0,0.0,0.0,7.0,0.0,5.0,0.0,0.0,0.0,0.0,0.0,0.0,0.0,0.0,0.0,0.0,0.0,0.0,0.0,0.0,0.0,0.0,0.0,0.0,0.0,0.0,0.0,0.0,0.0,0.0,0.0,0.0,44.0,0.0,0.0,0.0,,,,,,,,,,,,,,,,0.0
839.0,278.0,7.0,10.0,0.7797877697841726,0.008,2.677,216.781,0.0,244.0,4.0,0.0,0.0,0.0,0.0,0.0,30.0,0.0,0.0,0.0,0.0,0.0,0.0,0.0,0.0,0.0,0.0,0.0,0.0,0.0,0.0,0.0,0.0,0.0,0.0,0.0,0.0,0.0,0.0,0.0,0.0,233.0,45.0,0.0,0.0,0.0,0.0,0.0,0.0,0.0,0.0,0.0,0.0,0.0,0.0,0.0,0.0,0.0,0.0,0.0,0.0,0.0,0.0,0.0,0.0,0.0,0.0,0.0,,,,,,,,,,,,,,,,1.0
844.0,265.0,7.0,10.0,4.944211320754716,0.094,11.216,1310.216,0.0,141.0,0.0,0.0,0.0,25.0,0.0,0.0,99.0,0.0,0.0,0.0,0.0,0.0,0.0,0.0,0.0,0.0,0.0,0.0,11.0,0.0,0.0,0.0,0.0,0.0,0.0,0.0,0.0,0.0,238.0,0.0,2.0,0.0,0.0,0.0,0.0,0.0,0.0,0.0,14.0,0.0,0.0,0.0,0.0,0.0,0.0,0.0,0.0,0.0,0.0,0.0,0.0,0.0,0.0,0.0,0.0,0.0,0.0,0.0,23.0,3.0,3.0,3.0,1.0,25.573617021276597,0.879,192.239,1201.96,34.0,5.0,7.0,1.0,0.0,0.0,0.0
847.0,697.0,18.0,39.0,5.213220946915351,0.001,32.553,3633.615,0.0,340.0,4.0,0.0,0.0,0.0,0.0,0.0,353.0,0.0,0.0,0.0,0.0,0.0,0.0,0.0,0.0,0.0,0.0,0.0,347.0,0.0,0.0,0.0,0.0,0.0,0.0,0.0,0.0,0.0,26.0,289.0,10.0,4.0,0.0,0.0,0.0,0.0,0.0,0.0,21.0,0.0,0.0,0.0,0.0,0.0,0.0,0.0,0.0,0.0,0.0,0.0,0.0,0.0,0.0,0.0,0.0,0.0,0.0,0.0,347.0,6.0,16.0,16.0,1.0,5.5665889908256885,0.012,32.552,3033.791,324.0,161.0,37.0,7.0,1.0,15.0,0.0
848.0,107.0,3.0,9.0,0.2441588785046729,0.002,1.468,26.125,0.0,92.0,0.0,0.0,0.0,0.0,0.0,0.0,15.0,0.0,0.0,0.0,0.0,0.0,0.0,0.0,0.0,0.0,0.0,0.0,0.0,0.0,0.0,0.0,0.0,0.0,0.0,79.0,0.0,0.0,0.0,0.0,15.0,0.0,0.0,0.0,0.0,0.0,0.0,0.0,0.0,0.0,0.0,0.0,0.0,0.0,0.0,0.0,0.0,0.0,0.0,0.0,0.0,0.0,0.0,13.0,0.0,0.0,0.0,0.0,,,,,,,,,,,,,,,,1.0
849.0,422.0,18.0,27.0,2.311873033175355,0.00662,10.263,975.61042,0.0,171.0,0.0,0.0,0.0,0.0,0.0,0.0,251.0,0.0,0.0,0.0,0.0,0.0,0.0,0.0,0.0,0.0,0.0,0.0,0.0,0.0,0.0,0.0,10.0,25.0,0.0,0.0,23.0,0.0,242.0,89.0,0.0,0.0,0.0,0.0,33.0,0.0,0.0,0.0,0.0,0.0,0.0,0.0,0.0,0.0,0.0,0.0,0.0,0.0,0.0,0.0,0.0,0.0,0.0,0.0,0.0,0.0,0.0,0.0,133.0,7.0,10.0,10.0,1.0,2.262363344051447,0.151,12.79,703.595,167.0,59.0,19.0,13.0,43.0,10.0,0.0
853.0,496.0,12.0,26.0,5.534399193548387,0.207,23.0,2745.062,0.0,450.0,0.0,0.0,0.0,0.0,0.0,0.0,46.0,0.0,0.0,0.0,0.0,0.0,0.0,0.0,0.0,0.0,0.0,0.0,35.0,9.0,57.0,0.0,0.0,0.0,0.0,0.0,0.0,395.0,0.0,0.0,0.0,0.0,0.0,0.0,0.0,0.0,0.0,0.0,0.0,0.0,0.0,0.0,0.0,0.0,0.0,0.0,0.0,0.0,0.0,0.0,0.0,0.0,0.0,0.0,0.0,0.0,0.0,0.0,255.0,6.0,16.0,16.0,1.0,6.039886274509804,0.244,23.0,1540.171,186.0,29.0,7.0,0.0,0.0,33.0,0.0
854.0,48.0,1.0,1.0,5.22705,0.3901,10.8971,250.8984,0.0,48.0,0.0,0.0,0.0,0.0,0.0,0.0,0.0,0.0,0.0,0.0,0.0,0.0,0.0,0.0,0.0,48.0,0.0,0.0,0.0,0.0,0.0,0.0,0.0,0.0,0.0,0.0,0.0,0.0,0.0,0.0,0.0,0.0,0.0,0.0,0.0,0.0,0.0,0.0,0.0,0.0,0.0,0.0,0.0,0.0,0.0,0.0,0.0,0.0,0.0,0.0,0.0,0.0,0.0,0.0,0.0,0.0,0.0,0.0,,,,,,,,,,,,,,,,0.0
859.0,1383.0,16.0,21.0,3.1745386117136665,0.003,16.143,4390.3869,0.0,1347.0,20.0,0.0,0.0,16.0,0.0,0.0,0.0,0.0,17.0,0.0,0.0,3.0,0.0,0.0,0.0,0.0,0.0,0.0,0.0,0.0,0.0,0.0,0.0,0.0,0.0,0.0,0.0,342.0,288.0,0.0,0.0,472.0,162.0,0.0,0.0,0.0,0.0,0.0,0.0,0.0,0.0,0.0,0.0,0.0,0.0,0.0,0.0,0.0,0.0,0.0,0.0,0.0,0.0,5.0,94.0,0.0,0.0,0.0,1084.0,7.0,11.0,11.0,1.0,2.8539988839285715,0.0,147.528,7671.549,2105.0,361.0,151.0,32.0,7.0,32.0,0.0
860.0,5.0,1.0,1.0,0.02,0.01,0.03,0.1,0.0,0.0,0.0,0.0,0.0,5.0,0.0,0.0,0.0,0.0,0.0,0.0,0.0,0.0,0.0,0.0,0.0,0.0,0.0,0.0,0.0,0.0,0.0,0.0,0.0,0.0,0.0,0.0,0.0,0.0,0.0,0.0,0.0,5.0,0.0,0.0,0.0,0.0,0.0,0.0,0.0,0.0,0.0,0.0,0.0,0.0,0.0,0.0,0.0,0.0,0.0,0.0,0.0,0.0,0.0,0.0,0.0,0.0,0.0,0.0,5.0,1.0,1.0,1.0,1.0,0.0164,0.002,0.03,0.082,3.0,2.0,0.0,0.0,0.0,0.0,0.0
861.0,337.0,4.0,8.0,0.7152087121661721,0.012,2.017,241.025336,0.0,337.0,0.0,0.0,0.0,0.0,0.0,0.0,0.0,0.0,0.0,0.0,0.0,0.0,0.0,0.0,0.0,0.0,0.0,0.0,0.0,0.0,0.0,0.0,0.0,0.0,0.0,0.0,0.0,0.0,0.0,0.0,0.0,191.0,91.0,0.0,0.0,0.0,0.0,0.0,0.0,0.0,0.0,0.0,0.0,0.0,0.0,0.0,0.0,0.0,0.0,0.0,0.0,0.0,0.0,0.0,55.0,0.0,0.0,0.0,534.0,4.0,7.0,7.0,1.0,0.5984641509433962,0.0,2.13,475.779,643.0,91.0,23.0,16.0,2.0,20.0,0.0
863.0,,,,,,,,,,,,,,,,,,,,,,,,,,,,,,,,,,,,,,,,,,,,,,,,,,,,,,,,,,,,,,,,,,,,1.0,1.0,1.0,1.0,1.0,1.414,1.414,1.414,1.414,1.0,0.0,0.0,0.0,0.0,0.0,0.0
878.0,50.0,2.0,4.0,0.53052,0.02,2.43,26.526,0.0,0.0,0.0,0.0,50.0,0.0,0.0,0.0,0.0,0.0,0.0,0.0,0.0,0.0,0.0,0.0,50.0,0.0,0.0,0.0,0.0,0.0,0.0,0.0,0.0,0.0,0.0,0.0,0.0,0.0,0.0,0.0,0.0,0.0,0.0,0.0,0.0,0.0,0.0,0.0,0.0,0.0,0.0,0.0,0.0,0.0,0.0,0.0,0.0,0.0,0.0,0.0,0.0,0.0,0.0,0.0,0.0,0.0,0.0,0.0,26.0,1.0,2.0,2.0,1.0,0.6479999999999999,0.027,2.43,16.848,16.0,0.0,3.0,0.0,0.0,7.0,0.0
880.0,62.0,3.0,9.0,0.03901612903225807,0.005,0.226,2.419,0.0,10.0,0.0,0.0,0.0,0.0,0.0,0.0,0.0,52.0,0.0,0.0,0.0,0.0,0.0,0.0,0.0,0.0,0.0,0.0,1.0,0.0,7.0,0.0,3.0,0.0,0.0,0.0,0.0,3.0,42.0,6.0,0.0,0.0,0.0,0.0,0.0,0.0,0.0,0.0,0.0,0.0,0.0,0.0,0.0,0.0,0.0,0.0,0.0,0.0,0.0,0.0,0.0,0.0,0.0,0.0,0.0,0.0,0.0,0.0,37.0,1.0,1.0,1.0,1.0,0.02981081081081081,0.001,0.041,1.103,25.0,12.0,0.0,0.0,0.0,0.0,0.0
882.0,62.0,7.0,7.0,0.10240322580645161,0.001,0.438,6.349,0.0,0.0,26.0,0.0,0.0,0.0,2.0,0.0,0.0,34.0,60.0,0.0,0.0,2.0,0.0,0.0,0.0,0.0,0.0,0.0,0.0,0.0,0.0,0.0,0.0,0.0,0.0,0.0,0.0,0.0,0.0,0.0,0.0,0.0,0.0,0.0,0.0,0.0,0.0,0.0,0.0,0.0,0.0,0.0,0.0,0.0,0.0,0.0,0.0,0.0,0.0,0.0,0.0,0.0,0.0,0.0,0.0,0.0,0.0,0.0,,,,,,,,,,,,,,,,0.0
885.0,,,,,,,,,,,,,,,,,,,,,,,,,,,,,,,,,,,,,,,,,,,,,,,,,,,,,,,,,,,,,,,,,,,,2.0,1.0,1.0,1.0,1.0,0.322,0.054,0.59,0.644,2.0,0.0,0.0,0.0,0.0,0.0,0.0
886.0,792.0,8.0,19.0,2.2871526515151515,0.167,8.841,1811.4249,0.0,651.0,0.0,0.0,0.0,0.0,0.0,0.0,141.0,0.0,0.0,0.0,0.0,0.0,0.0,0.0,0.0,0.0,0.0,0.0,0.0,0.0,0.0,0.0,0.0,0.0,0.0,0.0,0.0,0.0,0.0,0.0,0.0,730.0,33.0,0.0,0.0,0.0,0.0,0.0,0.0,0.0,0.0,0.0,0.0,0.0,0.0,0.0,0.0,0.0,0.0,0.0,0.0,0.0,0.0,17.0,12.0,0.0,0.0,0.0,,,,,,,,,,,,,,,,1.0
887.0,20.0,4.0,7.0,0.4083,0.012,4.56,8.166,0.0,14.0,0.0,1.0,0.0,0.0,0.0,0.0,0.0,5.0,0.0,0.0,0.0,0.0,0.0,0.0,0.0,0.0,0.0,0.0,0.0,0.0,0.0,0.0,0.0,0.0,1.0,1.0,0.0,3.0,0.0,0.0,0.0,0.0,0.0,0.0,0.0,0.0,0.0,0.0,0.0,0.0,0.0,0.0,0.0,0.0,0.0,0.0,0.0,0.0,0.0,0.0,0.0,0.0,0.0,0.0,15.0,0.0,0.0,0.0,5.0,3.0,3.0,3.0,1.0,0.3297777777777778,0.009,4.56,8.904,12.0,9.0,3.0,3.0,0.0,0.0,0.0
888.0,174.0,12.0,29.0,8.845528735632184,0.01,97.739,1539.122,0.0,62.0,0.0,0.0,0.0,100.0,0.0,0.0,0.0,12.0,0.0,0.0,0.0,0.0,0.0,0.0,0.0,0.0,0.0,0.0,3.0,8.0,1.0,0.0,51.0,0.0,2.0,16.0,0.0,3.0,0.0,1.0,0.0,89.0,0.0,0.0,0.0,0.0,0.0,0.0,0.0,0.0,0.0,0.0,0.0,0.0,0.0,0.0,0.0,0.0,0.0,0.0,0.0,0.0,0.0,0.0,0.0,0.0,0.0,0.0,228.0,9.0,21.0,21.0,1.0,6.717599427753934,0.0,98.0,4695.602,267.0,142.0,127.0,97.0,17.0,49.0,0.0
889.0,3.0,1.0,1.0,0.13333333333333333,0.1,0.2,0.4,0.0,0.0,0.0,0.0,0.0,0.0,0.0,0.0,0.0,3.0,0.0,0.0,0.0,0.0,0.0,0.0,0.0,0.0,0.0,0.0,0.0,0.0,0.0,0.0,0.0,0.0,0.0,0.0,0.0,0.0,0.0,0.0,0.0,3.0,0.0,0.0,0.0,0.0,0.0,0.0,0.0,0.0,0.0,0.0,0.0,0.0,0.0,0.0,0.0,0.0,0.0,0.0,0.0,0.0,0.0,0.0,0.0,0.0,0.0,0.0,1.0,1.0,1.0,1.0,1.0,0.492,0.492,0.492,0.492,0.0,0.0,0.0,0.0,0.0,1.0,0.0
927.0,18.0,2.0,2.0,1.6493888888888888,0.001,4.13,29.689,0.0,14.0,4.0,0.0,0.0,0.0,0.0,0.0,0.0,0.0,0.0,0.0,0.0,0.0,0.0,0.0,0.0,0.0,0.0,0.0,0.0,0.0,0.0,0.0,0.0,0.0,0.0,0.0,0.0,0.0,0.0,0.0,14.0,4.0,0.0,0.0,0.0,0.0,0.0,0.0,0.0,0.0,0.0,0.0,0.0,0.0,0.0,0.0,0.0,0.0,0.0,0.0,0.0,0.0,0.0,0.0,0.0,0.0,0.0,0.0,23.0,2.0,2.0,2.0,1.0,9.673869565217391,0.004,27.386,222.499,18.0,4.0,1.0,0.0,0.0,0.0,0.0
946.0,9.0,1.0,1.0,2.559333333333333,0.871,5.078,23.034,0.0,0.0,0.0,0.0,0.0,9.0,0.0,0.0,0.0,0.0,0.0,0.0,0.0,0.0,0.0,0.0,0.0,0.0,0.0,0.0,0.0,0.0,0.0,0.0,0.0,0.0,0.0,0.0,0.0,0.0,0.0,0.0,0.0,0.0,0.0,0.0,0.0,0.0,0.0,0.0,0.0,0.0,0.0,0.0,0.0,0.0,9.0,0.0,0.0,0.0,0.0,0.0,0.0,0.0,0.0,0.0,0.0,0.0,0.0,0.0,,,,,,,,,,,,,,,,0.0
955.0,75.0,2.0,3.0,3.03024,0.027,31.455,227.268,0.0,0.0,0.0,0.0,75.0,0.0,0.0,0.0,0.0,0.0,0.0,0.0,0.0,0.0,0.0,0.0,75.0,0.0,0.0,0.0,0.0,0.0,0.0,0.0,0.0,0.0,0.0,0.0,0.0,0.0,0.0,0.0,0.0,0.0,0.0,0.0,0.0,0.0,0.0,0.0,0.0,0.0,0.0,0.0,0.0,0.0,0.0,0.0,0.0,0.0,0.0,0.0,0.0,0.0,0.0,0.0,0.0,0.0,0.0,0.0,16.0,1.0,1.0,1.0,1.0,0.7458750000000001,0.036,2.826,11.934000000000001,13.0,3.0,0.0,0.0,0.0,0.0,0.0
978.0,1.0,1.0,1.0,0.002,0.002,0.002,0.002,0.0,0.0,1.0,0.0,0.0,0.0,0.0,0.0,0.0,0.0,1.0,0.0,0.0,0.0,0.0,0.0,0.0,0.0,0.0,0.0,0.0,0.0,0.0,0.0,0.0,0.0,0.0,0.0,0.0,0.0,0.0,0.0,0.0,0.0,0.0,0.0,0.0,0.0,0.0,0.0,0.0,0.0,0.0,0.0,0.0,0.0,0.0,0.0,0.0,0.0,0.0,0.0,0.0,0.0,0.0,0.0,0.0,0.0,0.0,0.0,,,,,,,,,,,,,,,,0.0
984.0,19.0,2.0,2.0,0.1493684210526316,0.001,2.006,2.838,0.0,0.0,19.0,0.0,0.0,0.0,0.0,0.0,0.0,0.0,14.0,0.0,0.0,0.0,0.0,0.0,0.0,0.0,0.0,0.0,0.0,0.0,0.0,0.0,0.0,0.0,0.0,0.0,0.0,0.0,0.0,0.0,0.0,5.0,0.0,0.0,0.0,0.0,0.0,0.0,0.0,0.0,0.0,0.0,0.0,0.0,0.0,0.0,0.0,0.0,0.0,0.0,0.0,0.0,0.0,0.0,0.0,0.0,0.0,0.0,,,,,,,,,,,,,,,,0.0
