id_Plat,id_own_count,id_own_nunique,id_ves_nunique,id_fish_nunique,fish_x_nunique,volume_x_mean,volume_x_min,volume_x_max,volume_x_sum,Late Night_sum,Early Morning_sum,Morning_sum,Noon_sum,Eve_sum,Night_sum,anomaly
6288893.0,114,1,1,7,7,1.2135175438596493,0.015,6.885,138.341,0.0,0.0,86.0,28.0,0,0,0
6288920.0,217,1,1,8,8,2.3744193548387096,0.01,29.15,515.249,143.0,60.0,14.0,0.0,0,0,0
6288932.0,727,1,1,13,13,6.475782668500688,0.024,50.801,4707.894,0.0,7.0,95.0,591.0,34,0,1
6288938.0,84,2,1,2,2,8.606857142857143,0.037,21.637,722.976,1.0,0.0,4.0,35.0,43,1,0
6288962.0,432,1,1,11,11,9.627865740740742,0.014,78.733,4159.238,387.0,17.0,16.0,12.0,0,0,0
6288995.0,56,1,1,1,1,11.632607142857143,2.673,18.675,651.426,53.0,1.0,0.0,2.0,0,0,0
6289005.0,50,1,1,6,6,3.44506,0.044,21.713,172.253,19.0,0.0,5.0,0.0,0,26,0
6289014.0,554,1,1,12,12,8.35792238267148,0.004,94.0,4630.289,527.0,8.0,1.0,18.0,0,0,0
6289064.0,343,1,1,9,9,2.5206355685131197,0.06,30.36,864.578,0.0,0.0,323.0,20.0,0,0,0
6289084.0,102,1,1,2,2,87.7292156862745,1.064,323.503,8948.38,63.0,36.0,3.0,0.0,0,0,0
6289089.0,86,2,1,2,2,191.9943953488372,29.064,441.036,16511.518,63.0,1.0,0.0,0.0,0,22,0
6289096.0,41,1,1,1,1,6.424804878048781,0.784,14.474,263.41700000000003,38.0,1.0,0.0,2.0,0,0,0
6289114.0,8,1,1,3,3,0.19,0.005,1.18,1.52,4.0,4.0,0.0,0.0,0,0,0
6289122.0,211,1,1,3,3,11.708109004739336,0.05,29.497,2470.411,8.0,4.0,6.0,5.0,6,182,0
6289154.0,39,1,1,2,2,167.76720512820515,64.251,284.021,6542.921,29.0,8.0,2.0,0.0,0,0,0
6289155.0,758,1,1,10,10,5.872609498680739,0.001,62.502,4451.438,0.0,0.0,752.0,6.0,0,0,0
6289231.0,117,1,1,1,1,2.348846153846154,0.139,6.031,274.815,111.0,2.0,4.0,0.0,0,0,0
6289266.0,550,1,1,9,9,3.1635,0.023,36.519,1739.925,0.0,0.0,494.0,56.0,0,0,0
6289360.0,108,1,1,3,3,116.03906481481481,5.699,228.413,12532.219,68.0,0.0,2.0,0.0,0,38,0
6289404.0,146,1,1,4,4,7.124198630136987,0.122,67.711,1040.133,122.0,0.0,8.0,3.0,0,13,0
6289406.0,7,1,1,1,1,6.176142857142858,4.455,7.815,43.233000000000004,0.0,0.0,7.0,0.0,0,0,0
6289435.0,871,1,1,12,12,7.793467278989667,0.005,63.474,6788.11,0.0,0.0,810.0,61.0,0,0,0
6289444.0,81,3,1,2,2,245.25583950617286,10.008,716.048,19865.723,27.0,50.0,0.0,3.0,0,1,0
6289481.0,53,1,1,1,1,4.828226415094339,0.462,9.89,255.896,5.0,45.0,1.0,2.0,0,0,0
6289482.0,34,1,1,2,2,147.00673529411765,0.53,489.144,4998.229,20.0,8.0,3.0,0.0,0,3,0
6289527.0,106,1,1,2,2,101.34540566037735,0.133,202.417,10742.613,100.0,4.0,2.0,0.0,0,0,0
6289534.0,358,2,1,9,8,2.9781703910614525,0.001,29.655,1066.185,340.0,12.0,0.0,6.0,0,0,0
6289550.0,856,1,1,12,12,6.502908878504672,0.021,60.265,5566.49,798.0,27.0,6.0,23.0,0,2,0
6289629.0,130,1,1,7,7,1.6528692307692308,0.038,7.224,214.873,0.0,0.0,130.0,0.0,0,0,0
6289648.0,115,1,1,5,5,82.86812173913044,0.01,166.651,9529.834,86.0,25.0,3.0,0.0,0,1,0
6289659.0,139,1,1,2,2,116.02342446043166,0.253,235.118,16127.256,125.0,1.0,2.0,1.0,4,6,0
6289662.0,52,1,1,4,4,122.11832692307692,0.402,790.501,6350.153,28.0,20.0,2.0,0.0,0,2,0
6289676.0,150,1,1,7,7,2.76784,0.028,17.718,415.176,0.0,0.0,150.0,0.0,0,0,0
6289684.0,529,1,1,9,9,3.767954631379962,0.034,27.695,1993.248,0.0,0.0,476.0,53.0,0,0,0
6289698.0,402,1,1,10,10,10.872691542288557,0.021,87.394,4370.822,328.0,17.0,51.0,6.0,0,0,0
6289710.0,410,1,1,11,11,2.7171121951219512,0.002,39.2,1114.016,234.0,140.0,32.0,4.0,0,0,0
6289713.0,63,1,1,1,1,0.3019047619047619,0.025,0.965,19.02,53.0,7.0,1.0,2.0,0,0,0
6289717.0,303,1,1,11,11,6.561412541254125,0.017,39.312,1988.108,284.0,8.0,6.0,0.0,5,0,0
6289735.0,150,1,1,7,7,9.6436,0.02,77.35,1446.54,82.0,68.0,0.0,0.0,0,0,0
6289738.0,54,1,1,1,1,0.9700925925925925,0.062,1.395,52.385,46.0,6.0,0.0,2.0,0,0,0
6289777.0,24,1,1,2,2,4.642333333333333,0.295,13.968,111.416,0.0,0.0,2.0,0.0,22,0,0
6289782.0,38,1,1,2,2,6.74921052631579,0.036,32.612,256.47,12.0,12.0,10.0,4.0,0,0,0
6289797.0,645,1,1,12,12,9.037122480620155,0.02,101.871,5828.944,597.0,14.0,27.0,7.0,0,0,0
6289877.0,57,1,1,2,2,35.69166666666666,3.105,106.12,2034.425,30.0,26.0,1.0,0.0,0,0,0
6289895.0,71,1,1,4,4,3.8183802816901413,0.244,11.956,271.105,35.0,0.0,3.0,1.0,0,32,0
6289927.0,77,3,1,2,2,133.47809090909092,1.25,285.077,10277.813,61.0,8.0,1.0,0.0,0,7,0
6289962.0,216,2,1,4,4,13.875824074074073,0.009,31.681,2997.178,188.0,4.0,4.0,0.0,0,20,0
6289987.0,33,1,1,2,2,4.5544242424242425,0.802,11.367,150.296,20.0,13.0,0.0,0.0,0,0,0
6289990.0,15,1,1,2,2,356.8121333333333,19.633,547.091,5352.182,5.0,5.0,5.0,0.0,0,0,0
6290020.0,600,1,1,13,13,4.7939,0.006,44.181,2876.34,0.0,8.0,37.0,492.0,63,0,1
6290038.0,706,1,1,9,9,2.4083427762039658,0.038,20.115,1700.29,140.0,533.0,24.0,9.0,0,0,0
6290062.0,42,2,1,3,3,7.132095238095238,0.052,27.35,299.548,23.0,19.0,0.0,0.0,0,0,0
6290070.0,124,1,1,4,4,4.243209677419355,0.006,13.683,526.158,76.0,44.0,2.0,2.0,0,0,0
6290072.0,716,3,1,10,10,4.778252793296089,0.005,48.339,3421.229,632.0,38.0,39.0,1.0,0,6,0
6290078.0,48,1,1,6,6,3.576791666666667,0.043,27.44,171.686,14.0,0.0,0.0,5.0,0,29,0
6290105.0,483,1,1,10,10,6.50488198757764,0.014,54.693,3141.858,0.0,0.0,463.0,20.0,0,0,0
6290121.0,32,1,1,1,1,108.06409375,3.607,182.547,3458.051,32.0,0.0,0.0,0.0,0,0,0
6290167.0,562,2,1,13,13,2.8867384341637012,0.021,41.409,1622.347,0.0,6.0,46.0,483.0,27,0,1
6290171.0,227,1,1,9,9,0.24558590308370043,0.03,4.038,55.748,0.0,0.0,159.0,68.0,0,0,0
6290172.0,38,1,1,1,1,7.9962368421052625,0.009,12.803,303.85699999999997,26.0,1.0,0.0,2.0,9,0,0
6290177.0,21,1,1,1,1,2.926428571428571,0.533,5.415,61.455,14.0,0.0,2.0,0.0,0,5,0
6290188.0,54,1,1,1,1,11.275333333333334,0.965,17.79,608.868,51.0,1.0,2.0,0.0,0,0,0
6290194.0,336,1,1,7,7,18.638446428571427,0.022,130.249,6262.518,202.0,8.0,15.0,0.0,6,105,0
6290197.0,617,1,1,13,13,5.677575364667747,0.02,55.512,3503.064,250.0,319.0,38.0,10.0,0,0,0
6290198.0,77,1,1,2,2,3.023584415584416,0.067,10.281,232.816,28.0,1.0,1.0,0.0,31,16,0
6290303.0,590,1,1,11,11,2.979062711864407,0.015,18.848,1757.647,278.0,276.0,30.0,1.0,5,0,0
6290311.0,22,1,1,1,1,2.878090909090909,0.447,5.362,63.318,0.0,0.0,22.0,0.0,0,0,0
6290315.0,1031,2,1,12,12,1.9422298739088264,0.018,22.986,2002.439,710.0,288.0,14.0,19.0,0,0,0
6290330.0,280,2,1,10,10,5.039321428571428,0.025,54.783,1411.01,0.0,0.0,259.0,21.0,0,0,0
6290341.0,477,1,1,10,10,11.944140461215932,0.023,89.496,5697.355,420.0,22.0,27.0,8.0,0,0,0
6290353.0,49,1,1,1,1,3.267183673469388,0.141,10.734,160.092,31.0,18.0,0.0,0.0,0,0,0
6290372.0,496,2,1,12,12,6.276433467741935,0.008,33.36,3113.111,0.0,0.0,462.0,28.0,6,0,0
6290396.0,17,1,1,1,1,4.284588235294118,1.064,9.234,72.83800000000001,14.0,3.0,0.0,0.0,0,0,0
6290425.0,40,1,1,1,1,74.44655,7.57,122.392,2977.862,9.0,0.0,2.0,0.0,6,23,0
6290435.0,57,1,1,1,1,0.758719298245614,0.025,1.246,43.247,45.0,10.0,2.0,0.0,0,0,0
6290442.0,9,1,1,3,3,7.971222222222222,0.21,14.383,71.741,9.0,0.0,0.0,0.0,0,0,0
6290444.0,6,1,1,1,1,3.9925,0.963,6.694,23.955000000000002,0.0,0.0,6.0,0.0,0,0,0
6290455.0,111,1,1,1,1,0.34994594594594597,0.025,1.547,38.844,101.0,8.0,2.0,0.0,0,0,0
6290534.0,645,1,1,11,11,6.490962790697675,0.024,40.623,4186.671,0.0,0.0,610.0,30.0,5,0,0
6290587.0,50,1,1,2,2,24.575,2.189,56.062,1228.75,33.0,17.0,0.0,0.0,0,0,0
6290628.0,45,2,1,4,4,7.691955555555555,0.801,23.0,346.138,35.0,7.0,1.0,2.0,0,0,0
6290654.0,600,1,1,11,11,6.542323333333334,0.011,55.255,3925.3940000000002,437.0,5.0,141.0,17.0,0,0,0
6290756.0,91,1,1,2,2,30.56979120879121,5.518,62.512,2781.851,75.0,14.0,2.0,0.0,0,0,0
6290803.0,67,1,1,1,1,4.877029850746269,0.189,8.393,326.761,46.0,19.0,2.0,0.0,0,0,0
6290813.0,295,3,1,3,3,9.865328813559321,0.009,35.04,2910.272,254.0,0.0,9.0,0.0,0,32,0
6290890.0,1028,2,1,10,10,2.143684824902724,0.001,27.303,2203.708,728.0,258.0,38.0,0.0,0,4,0
6290892.0,209,1,1,3,3,6.079961722488038,0.007,40.019,1270.712,118.0,88.0,0.0,3.0,0,0,0
6290951.0,189,1,1,10,10,11.091052910052909,0.03,87.348,2096.209,0.0,0.0,183.0,6.0,0,0,0
6290959.0,102,1,1,2,2,82.37417647058822,0.574,211.71,8402.166,3.0,2.0,1.0,19.0,73,4,0
6290974.0,58,2,1,2,2,196.18346551724136,6.098,346.348,11378.641,42.0,15.0,1.0,0.0,0,0,0
6291005.0,89,1,1,1,1,0.3217303370786517,0.012,1.034,28.634,78.0,9.0,0.0,2.0,0,0,0
6291018.0,879,1,1,12,12,8.962650739476679,0.014,75.477,7878.17,824.0,7.0,28.0,13.0,0,7,0
6291019.0,41,1,1,1,1,3.810073170731707,0.222,9.89,156.213,39.0,0.0,0.0,2.0,0,0,0
6291038.0,32,1,1,3,3,3.128625,0.155,8.887,100.116,24.0,8.0,0.0,0.0,0,0,0
6291051.0,688,1,1,11,11,2.5674273255813955,0.005,24.341,1766.39,0.0,0.0,651.0,37.0,0,0,0
6291083.0,146,1,1,5,5,8.148602739726027,0.109,69.182,1189.696,135.0,0.0,11.0,0.0,0,0,0
6291167.0,83,2,1,1,1,77.52046987951807,10.182,167.173,6434.199,66.0,7.0,0.0,1.0,0,9,0
6291233.0,233,4,1,7,7,40.215587982832616,0.036,240.321,9370.232,192.0,1.0,1.0,10.0,0,29,0
6291266.0,323,3,1,4,4,8.625814241486069,0.009,30.13,2786.138,268.0,0.0,5.0,4.0,0,46,0
6291273.0,91,2,1,3,3,5.5633956043956045,0.773,12.554,506.269,59.0,28.0,2.0,2.0,0,0,0
6291282.0,149,1,1,5,5,3.723167785234899,0.007,21.62,554.752,106.0,34.0,9.0,0.0,0,0,0
6291288.0,647,1,1,13,13,5.911440494590417,0.001,93.619,3824.702,610.0,12.0,25.0,0.0,0,0,0
6291327.0,43,1,1,3,3,5.095348837209302,0.067,24.875,219.1,25.0,0.0,0.0,0.0,1,17,0
6291367.0,167,1,1,3,3,6.450317365269461,0.043,28.994,1077.203,84.0,5.0,3.0,0.0,3,72,0
6291432.0,492,1,1,11,11,5.2978902439024385,0.013,43.935,2606.562,449.0,16.0,10.0,10.0,0,7,0
6291471.0,19,1,1,4,4,266.80457894736844,0.492,519.123,5069.287,14.0,2.0,1.0,0.0,0,2,0
6291512.0,96,1,1,1,1,5.42815625,0.201,12.642,521.103,85.0,8.0,2.0,0.0,0,1,0
6291588.0,5,1,1,1,1,1.0008000000000001,0.658,1.715,5.0040000000000004,4.0,1.0,0.0,0.0,0,0,0
6291595.0,88,2,1,2,2,191.95839772727274,16.668,550.029,16892.339,1.0,85.0,0.0,1.0,1,0,0
6291615.0,281,3,1,5,5,9.546921708185053,0.021,28.67,2682.685,237.0,3.0,2.0,4.0,0,35,0
6291633.0,490,1,1,9,9,3.5706979591836734,0.008,51.302,1749.642,156.0,231.0,102.0,1.0,0,0,0
6291667.0,44,1,1,5,5,4.472590909090909,0.005,32.695,196.79399999999998,13.0,0.0,5.0,0.0,0,26,0
6291683.0,25,1,1,1,1,5.30596,1.643,9.347,132.649,19.0,0.0,1.0,1.0,2,2,0
6291696.0,128,1,1,9,9,11.015046875,0.068,174.065,1409.926,72.0,24.0,28.0,0.0,0,4,0
6291723.0,96,1,1,1,1,107.97859375,32.634,203.462,10365.945,80.0,1.0,2.0,0.0,0,13,0
6291725.0,50,1,1,6,6,2.87566,0.006,18.637,143.783,18.0,0.0,6.0,0.0,0,26,0
6291814.0,185,1,1,4,4,10.220075675675675,0.013,32.43,1890.714,5.0,2.0,11.0,8.0,109,50,1
6291862.0,104,1,1,2,2,4.005067307692308,0.006,12.517,416.527,75.0,25.0,3.0,1.0,0,0,0
6291870.0,79,1,1,1,1,0.9197215189873418,0.227,1.902,72.658,56.0,1.0,2.0,0.0,0,20,0
6291896.0,558,4,1,10,10,11.122614695340502,0.025,72.834,6206.419,477.0,6.0,75.0,0.0,0,0,0
6291938.0,19,1,1,2,2,4.932473684210526,0.01,15.93,93.717,19.0,0.0,0.0,0.0,0,0,0
6291940.0,89,2,1,7,7,10.008910112359551,0.035,68.764,890.793,0.0,0.0,88.0,1.0,0,0,0
6291942.0,16,1,1,1,1,29.356,7.665,40.851,469.696,0.0,0.0,15.0,1.0,0,0,0
6291947.0,46,1,1,1,1,5.510586956521739,1.444,9.034,253.487,0.0,0.0,45.0,1.0,0,0,0
6291950.0,43,1,1,3,3,5.412279069767442,0.4,19.6,232.728,32.0,1.0,2.0,0.0,0,8,0
6291955.0,98,1,1,1,1,88.30728571428571,7.223,163.518,8654.114,78.0,8.0,5.0,0.0,0,7,0
6291956.0,457,4,1,9,9,3.0711181619256016,0.007,38.07,1403.501,0.0,0.0,426.0,31.0,0,0,0
6291961.0,34,1,1,2,2,6.763264705882353,1.134,12.903,229.951,29.0,0.0,2.0,0.0,0,3,0
6291996.0,854,4,1,10,10,8.477695550351289,0.021,84.621,7239.952,812.0,15.0,27.0,0.0,0,0,0
6292019.0,563,1,1,7,7,2.364088809946714,0.035,35.745,1330.982,518.0,0.0,34.0,11.0,0,0,0
6292074.0,25,1,1,2,2,153.14816000000002,51.892,255.683,3828.704,22.0,2.0,0.0,0.0,0,1,0
6292159.0,109,4,1,4,4,208.04878899082567,24.287,566.313,22677.318,81.0,5.0,4.0,0.0,0,19,0
6292161.0,58,1,1,2,2,30.03403448275862,0.603,91.863,1741.974,31.0,26.0,1.0,0.0,0,0,0
6292171.0,322,1,1,8,8,10.469472049689442,0.007,91.5,3371.17,201.0,5.0,24.0,0.0,5,87,0
6292210.0,96,4,1,1,1,70.80469791666667,6.694,170.357,6797.251,84.0,0.0,2.0,0.0,0,10,0
6292223.0,667,1,1,10,10,9.41236131934033,0.019,79.775,6278.045,640.0,7.0,20.0,0.0,0,0,0
6292228.0,707,2,1,14,14,5.62679207920792,0.002,54.71,3978.142,458.0,228.0,21.0,0.0,0,0,0
6292233.0,53,1,1,2,2,57.893207547169816,5.58,150.06,3068.34,0.0,0.0,44.0,8.0,1,0,0
6292257.0,53,1,1,1,1,135.7642641509434,3.727,264.87,7195.506,0.0,0.0,52.0,1.0,0,0,0
6292272.0,486,1,1,10,10,7.8913991769547325,0.017,86.272,3835.22,422.0,5.0,40.0,19.0,0,0,0
6292286.0,101,1,1,4,4,93.98519801980197,10.008,204.348,9492.505,96.0,3.0,2.0,0.0,0,0,0
6292325.0,765,2,1,11,11,7.6995450980392155,0.019,65.438,5890.152,684.0,36.0,39.0,6.0,0,0,0
6292359.0,48,1,1,6,6,3.6945625,0.022,23.62,177.339,9.0,0.0,7.0,0.0,0,32,0
6292394.0,112,1,1,2,2,104.10995535714287,10.627,219.975,11660.315,107.0,2.0,2.0,1.0,0,0,0
6292428.0,191,1,1,4,4,8.862204188481675,0.022,20.456,1692.681,4.0,2.0,8.0,87.0,90,0,1
6292452.0,265,2,1,8,8,8.709245283018868,0.05,98.7,2307.95,115.0,134.0,16.0,0.0,0,0,0
6292462.0,97,1,1,10,10,3.4442577319587633,0.024,46.605,334.093,8.0,0.0,89.0,0.0,0,0,0
6292496.0,46,1,1,3,3,4.054326086956522,0.68,12.709,186.499,29.0,0.0,1.0,0.0,0,16,0
6292513.0,93,2,1,1,1,64.41090322580645,6.205,135.061,5990.214,68.0,2.0,2.0,0.0,0,21,0
6292536.0,28,1,1,8,8,6.7124999999999995,0.18,30.37,187.95,0.0,0.0,0.0,0.0,28,0,0
6292549.0,53,1,1,1,1,8.418169811320755,1.006,14.976,446.163,51.0,1.0,0.0,1.0,0,0,0
6292583.0,212,1,1,7,7,1.5457877358490566,0.038,13.692,327.707,45.0,155.0,12.0,0.0,0,0,0
6292592.0,49,2,1,3,3,7.657551020408164,0.338,32.552,375.22,30.0,16.0,3.0,0.0,0,0,0
6292599.0,307,3,1,3,3,6.999885993485343,0.009,19.322,2148.965,224.0,4.0,7.0,2.0,0,70,0
6292643.0,158,1,1,5,5,10.440759493670887,0.027,37.862,1649.64,90.0,62.0,6.0,0.0,0,0,0
6292662.0,101,2,1,1,1,57.734900990099014,9.006,122.452,5831.225,85.0,1.0,2.0,0.0,0,13,0
6292669.0,215,4,1,8,8,47.09348837209303,0.043,250.859,10125.1,154.0,0.0,2.0,9.0,0,50,0
6292690.0,42,2,1,3,3,5.056452380952381,0.216,14.013,212.371,35.0,4.0,0.0,2.0,0,1,0
6292699.0,30,1,1,1,1,3.794433333333333,1.044,6.459,113.833,0.0,0.0,0.0,2.0,27,1,0
6292708.0,687,1,1,10,10,2.9983362445414845,0.001,32.82,2059.857,0.0,0.0,523.0,156.0,8,0,0
6292709.0,102,1,1,1,1,3.609470588235294,0.246,14.499,368.166,92.0,7.0,0.0,3.0,0,0,0
6292739.0,95,1,1,3,3,118.67686315789473,0.462,230.198,11274.302,75.0,0.0,2.0,0.0,0,18,0
6292750.0,67,1,1,1,1,97.68001492537313,5.659,253.258,6544.561,12.0,1.0,0.0,32.0,16,6,0
6292783.0,20,1,1,3,3,17.0082,0.022,49.193,340.164,0.0,0.0,20.0,0.0,0,0,0
6292847.0,277,3,1,3,3,10.722870036101083,0.021,25.272,2970.235,224.0,5.0,7.0,3.0,0,38,0
6292875.0,113,1,1,5,5,83.5437168141593,0.294,225.131,9440.44,104.0,7.0,2.0,0.0,0,0,0
6292947.0,101,1,1,3,3,156.26945544554457,6.771,357.13,15783.215,93.0,2.0,0.0,0.0,0,6,0
6292972.0,55,2,1,3,3,4.723,0.425,21.729,259.765,39.0,14.0,2.0,0.0,0,0,0
6292974.0,584,2,1,13,12,9.54042808219178,0.021,72.965,5571.61,520.0,33.0,15.0,16.0,0,0,0
6293016.0,581,1,1,9,9,2.392407917383821,0.038,16.506,1389.989,225.0,311.0,23.0,22.0,0,0,0
6293026.0,112,1,1,2,2,110.19207142857144,6.797,244.55,12341.512,57.0,1.0,4.0,0.0,1,49,0
6293058.0,874,1,1,10,10,7.890852402745996,0.013,108.661,6896.6050000000005,822.0,29.0,15.0,8.0,0,0,0
6293076.0,12,1,1,3,3,102.46300000000001,1.387,161.573,1229.556,9.0,0.0,0.0,0.0,0,3,0
6293100.0,485,2,1,9,9,6.784138144329898,0.025,46.258,3290.3070000000002,0.0,0.0,429.0,50.0,6,0,0
6293156.0,111,1,1,2,2,97.89963063063064,7.487,250.0,10866.859,98.0,0.0,1.0,2.0,0,10,0
6293159.0,9,1,1,3,3,19.331888888888887,0.27,54.42,173.987,0.0,0.0,9.0,0.0,0,0,0
6293172.0,108,1,1,1,1,3.814675925925926,0.358,16.367,411.985,100.0,6.0,0.0,2.0,0,0,0
6293175.0,107,1,1,9,9,2.451504672897196,0.009,14.79,262.311,0.0,0.0,101.0,6.0,0,0,0
6293200.0,12,1,1,1,1,1.9510833333333333,1.014,3.584,23.413,12.0,0.0,0.0,0.0,0,0,0
6293229.0,950,3,1,10,10,10.091448421052633,0.015,115.656,9586.876,0.0,5.0,928.0,17.0,0,0,0
6293278.0,105,1,1,2,2,149.27002857142855,15.276,333.09,15673.353,10.0,0.0,4.0,0.0,7,84,0
6293288.0,105,5,1,2,2,303.70143809523813,33.166,615.956,31888.651,82.0,1.0,1.0,0.0,0,21,1
6293333.0,84,1,1,2,2,66.7339761904762,4.351,103.491,5605.654,13.0,1.0,2.0,0.0,0,68,0
6293357.0,90,1,1,2,2,4.179922222222222,0.445,10.126,376.193,78.0,10.0,2.0,0.0,0,0,0
6293359.0,388,1,1,9,9,4.404422680412371,0.019,38.601,1708.916,0.0,0.0,357.0,31.0,0,0,0
6293364.0,41,1,1,1,1,205.87460975609758,36.681,380.273,8440.859,0.0,1.0,1.0,2.0,2,35,0
6293367.0,90,1,1,2,2,24.18777777777778,2.613,61.058,2176.9,59.0,29.0,2.0,0.0,0,0,0
6293426.0,345,2,1,10,10,1.1400289855072463,0.031,19.35,393.31,0.0,11.0,262.0,72.0,0,0,0
6293437.0,114,1,1,3,3,88.52486842105263,0.861,190.346,10091.835,68.0,39.0,3.0,4.0,0,0,0
6293500.0,722,1,1,13,13,10.683509695290859,0.02,76.704,7713.494,663.0,29.0,13.0,14.0,0,3,0
6293561.0,140,1,1,5,5,7.8989142857142856,0.099,60.619,1105.848,127.0,0.0,5.0,0.0,0,8,0
6293597.0,372,1,1,10,10,1.641247311827957,0.014,15.052,610.544,0.0,0.0,352.0,20.0,0,0,0
6293658.0,37,1,1,1,1,8.239108108108107,1.744,12.524,304.847,16.0,0.0,2.0,0.0,0,19,0
6293766.0,114,1,1,3,3,104.02172807017544,0.253,293.784,11858.477,107.0,5.0,2.0,0.0,0,0,0
6293892.0,66,1,1,6,6,8.86528787878788,0.03,70.135,585.109,0.0,0.0,66.0,0.0,0,0,0
6293934.0,470,2,1,6,6,4.074646808510638,0.022,25.395,1915.084,6.0,5.0,391.0,62.0,0,6,0
6293963.0,277,1,1,10,10,10.062592057761734,0.018,61.416,2787.338,223.0,51.0,3.0,0.0,0,0,0
6293976.0,119,1,1,10,10,11.225689075630251,0.003,50.82,1335.857,105.0,5.0,0.0,9.0,0,0,0
6293978.0,130,1,1,8,8,15.979815384615383,0.046,151.849,2077.3759999999997,71.0,34.0,8.0,0.0,0,17,0
6293997.0,109,1,1,4,4,115.59577064220184,0.017,288.895,12599.939,102.0,2.0,2.0,2.0,0,1,0
6294038.0,83,1,1,2,2,127.52771084337348,15.079,202.171,10584.8,75.0,6.0,2.0,0.0,0,0,0
6294040.0,74,1,1,2,2,62.93071621621621,2.811,175.87,4656.873,71.0,0.0,2.0,0.0,0,1,0
6294077.0,113,1,1,2,2,97.25079646017699,0.093,198.769,10989.34,108.0,2.0,2.0,1.0,0,0,0
6294081.0,94,2,1,4,4,180.69313829787234,2.633,596.873,16985.155,63.0,29.0,2.0,0.0,0,0,0
6294084.0,308,3,1,7,7,4.121831168831169,0.003,32.019,1269.524,0.0,0.0,297.0,10.0,1,0,0
6294099.0,514,1,1,9,9,4.326235408560311,0.011,35.58,2223.685,196.0,187.0,119.0,12.0,0,0,0
6294100.0,736,1,1,12,12,8.928485054347826,0.014,69.293,6571.365,699.0,6.0,31.0,0.0,0,0,0
6294151.0,37,1,1,4,4,114.21705405405405,0.144,477.857,4226.031,23.0,9.0,1.0,0.0,0,4,0
6294164.0,175,2,1,6,6,10.663742857142857,0.015,82.3,1866.155,89.0,86.0,0.0,0.0,0,0,0
6294183.0,243,2,1,12,12,4.069600823045268,0.023,56.103,988.913,0.0,0.0,233.0,10.0,0,0,0
6294195.0,70,1,1,2,2,3.4576285714285713,0.151,13.07,242.034,11.0,0.0,1.0,2.0,53,3,0
6294205.0,52,1,1,1,1,4.2840384615384615,0.623,9.548,222.77,51.0,1.0,0.0,0.0,0,0,0
6294220.0,56,1,1,1,1,115.27980357142857,17.91,250.11,6455.669,0.0,0.0,52.0,4.0,0,0,0
6294222.0,57,1,1,1,1,101.87701754385965,12.224,180.574,5806.99,45.0,12.0,0.0,0.0,0,0,0
6294277.0,31,1,1,3,3,20.983290322580643,0.02,51.203,650.482,0.0,0.0,31.0,0.0,0,0,0
6294308.0,93,4,1,3,3,183.33181720430107,4.351,309.381,17049.859,74.0,3.0,3.0,0.0,0,13,0
6294344.0,332,1,1,8,8,1.4953283132530122,0.002,10.368,496.449,0.0,0.0,332.0,0.0,0,0,0
6294370.0,768,2,1,12,12,8.904669270833333,0.014,83.314,6838.786,389.0,358.0,20.0,0.0,0,1,0
6294415.0,123,1,1,2,2,88.85918699186992,5.531,253.858,10929.68,117.0,3.0,1.0,2.0,0,0,0
6294418.0,93,3,1,4,4,7.448494623655915,0.001,21.28,692.71,35.0,3.0,0.0,6.0,38,11,0
6294451.0,159,1,1,12,12,5.892729559748427,0.001,52.754,936.944,0.0,0.0,138.0,14.0,7,0,0
6294458.0,48,1,1,1,1,67.5163125,9.177,129.985,3240.783,31.0,15.0,2.0,0.0,0,0,0
6294497.0,73,1,1,3,3,117.51735616438356,0.23,210.752,8578.767,55.0,16.0,2.0,0.0,0,0,0
6294504.0,16,1,1,1,1,130.7363125,7.434,297.094,2091.781,15.0,0.0,1.0,0.0,0,0,0
6294507.0,222,1,1,10,10,5.980851351351351,0.015,50.977,1327.749,172.0,7.0,6.0,0.0,23,14,0
6294540.0,66,1,1,8,8,87.47687878787879,0.003,468.02,5773.474,36.0,1.0,2.0,0.0,12,15,0
6294558.0,59,1,1,3,3,74.26474576271187,0.42,148.2,4381.62,33.0,1.0,1.0,3.0,1,20,0
6294588.0,618,1,1,11,11,6.425752427184467,0.011,48.578,3971.1150000000002,496.0,89.0,18.0,15.0,0,0,0
6294634.0,50,1,1,1,1,160.97436,30.15,316.846,8048.718,6.0,40.0,1.0,2.0,0,1,0
6294645.0,22,1,1,2,2,8.572727272727272,0.173,18.894,188.6,20.0,2.0,0.0,0.0,0,0,0
6294663.0,86,1,1,2,2,196.05290697674417,15.456,319.746,16860.55,2.0,2.0,1.0,32.0,45,4,1
6294679.0,203,1,1,7,7,6.263226600985221,0.015,24.372,1271.435,170.0,21.0,4.0,2.0,0,6,0
6294698.0,833,3,1,10,10,8.19542136854742,0.013,73.941,6826.786,0.0,5.0,819.0,9.0,0,0,0
6294735.0,567,1,1,12,12,2.448807760141093,0.032,30.838,1388.474,482.0,66.0,19.0,0.0,0,0,0
6294752.0,77,1,1,3,3,61.340506493506496,1.176,192.331,4723.219,60.0,3.0,3.0,0.0,0,11,0
6294766.0,245,1,1,11,11,2.6284489795918367,0.027,29.295,643.97,93.0,0.0,9.0,6.0,0,137,0
6294799.0,111,1,1,3,3,8.006864864864864,0.041,24.63,888.762,94.0,12.0,5.0,0.0,0,0,0
6294821.0,12,1,1,1,1,18.53625,3.889,27.386,222.435,12.0,0.0,0.0,0.0,0,0,0
6294824.0,271,1,1,8,8,8.335542435424355,0.01,83.7,2258.9320000000002,143.0,120.0,8.0,0.0,0,0,0
6294828.0,65,1,1,1,1,2.9882,0.148,7.442,194.233,0.0,0.0,64.0,1.0,0,0,0
6294863.0,77,1,1,1,1,1.799922077922078,0.262,5.958,138.594,75.0,0.0,2.0,0.0,0,0,0
6294891.0,70,1,1,1,1,139.88235714285713,16.917,252.968,9791.765,58.0,0.0,0.0,0.0,0,12,0
6294907.0,586,1,1,12,12,3.644931740614334,0.004,23.175,2135.93,530.0,19.0,24.0,13.0,0,0,0
6294908.0,74,1,1,2,2,62.693918918918925,2.1,120.39,4639.35,64.0,2.0,2.0,3.0,3,0,0
6294909.0,808,2,1,12,12,8.178032178217823,0.015,67.284,6607.85,745.0,21.0,42.0,0.0,0,0,0
6294913.0,92,1,1,4,4,4.679032608695652,0.483,11.353,430.471,84.0,0.0,4.0,0.0,0,4,0
6295007.0,102,1,1,1,1,2.57728431372549,0.178,6.59,262.883,0.0,0.0,99.0,3.0,0,0,0
6295022.0,108,1,1,9,9,14.514472222222222,0.076,99.361,1567.563,106.0,0.0,2.0,0.0,0,0,0
6295038.0,820,1,1,13,13,6.874045121951219,0.019,59.669,5636.717,744.0,5.0,41.0,13.0,0,17,0
6295040.0,436,2,1,13,13,2.309488532110092,0.021,15.911,1006.937,390.0,23.0,16.0,7.0,0,0,0
6295068.0,32,1,1,4,4,75.139375,0.43,350.2,2404.46,5.0,3.0,1.0,0.0,19,4,0
6295073.0,55,2,1,2,2,4.943054545454546,0.173,21.288,271.868,33.0,20.0,0.0,2.0,0,0,0
6295087.0,64,1,1,2,2,129.889796875,0.402,277.795,8312.947,62.0,0.0,2.0,0.0,0,0,0
6295136.0,40,1,1,2,2,162.927375,9.69,357.489,6517.095,0.0,0.0,38.0,1.0,1,0,0
6295163.0,100,3,1,1,1,58.71107,5.395,143.415,5871.107,88.0,2.0,2.0,0.0,0,8,0
6295169.0,57,1,1,1,1,10.388473684210528,1.588,16.564,592.143,54.0,1.0,2.0,0.0,0,0,0
6295182.0,627,1,1,12,12,2.823178628389155,0.005,30.74,1770.133,554.0,25.0,22.0,11.0,15,0,0
6295190.0,111,1,1,1,1,5.094135135135135,0.314,9.486,565.449,0.0,0.0,110.0,1.0,0,0,0
6295214.0,54,1,1,1,1,5.110185185185185,0.966,11.957,275.95,30.0,17.0,4.0,3.0,0,0,0
6295260.0,306,3,1,4,4,9.952650326797386,0.014,23.84,3045.511,194.0,2.0,8.0,0.0,0,102,0
6295266.0,405,1,1,8,8,2.689725925925926,0.027,28.08,1089.339,0.0,0.0,388.0,9.0,8,0,0
6295268.0,94,1,1,1,1,155.82640425531915,10.247,271.096,14647.682,80.0,6.0,1.0,2.0,0,5,0
6295278.0,630,1,1,14,14,2.4417746031746033,0.004,30.689,1538.318,528.0,79.0,8.0,15.0,0,0,0
6295325.0,75,1,1,8,8,109.65194666666667,0.0,3905.0,8223.896,10.0,0.0,5.0,12.0,36,12,1
6295354.0,13,1,1,2,2,49.41569230769231,0.311,96.766,642.404,11.0,0.0,0.0,0.0,0,2,0
6295364.0,278,2,1,9,9,2.2898956834532376,0.009,16.338,636.591,59.0,0.0,211.0,8.0,0,0,0
6295408.0,110,1,1,1,1,3.328118181818182,0.099,19.519,366.093,95.0,11.0,4.0,0.0,0,0,0
6295425.0,152,1,1,8,8,3.691453947368421,0.028,48.355,561.101,0.0,0.0,139.0,13.0,0,0,0
6295496.0,90,2,1,2,2,43.7853,0.792,80.845,3940.677,35.0,2.0,2.0,0.0,3,48,0
6295511.0,74,2,1,1,1,111.85435135135135,17.326,162.88,8277.222,65.0,4.0,0.0,0.0,0,5,0
6295649.0,401,1,1,8,8,2.1605311720698257,0.035,24.426,866.373,0.0,0.0,377.0,24.0,0,0,0
6295673.0,108,1,1,8,8,5.874259259259259,0.036,43.65,634.42,0.0,0.0,97.0,11.0,0,0,0
6295732.0,77,2,1,10,10,4.484428571428571,0.034,37.939,345.301,0.0,0.0,73.0,4.0,0,0,0
6295762.0,101,1,1,2,2,42.49849504950495,0.092,99.207,4292.348,2.0,1.0,2.0,0.0,51,45,0
6295785.0,134,1,1,5,5,8.235037313432835,0.092,56.183,1103.495,121.0,0.0,5.0,3.0,0,5,0
6295789.0,95,2,1,1,1,65.03041052631579,10.182,146.385,6177.889,72.0,1.0,2.0,0.0,0,20,0
6295810.0,316,1,1,8,8,5.7691835443037975,0.017,137.511,1823.062,286.0,11.0,15.0,2.0,0,2,0
6295811.0,362,1,1,10,10,1.7680883977900552,0.007,17.136,640.048,0.0,0.0,347.0,9.0,6,0,0
6295898.0,56,1,1,1,1,6.069732142857142,0.342,17.79,339.905,2.0,52.0,0.0,2.0,0,0,0
6295964.0,257,1,1,7,7,17.20033073929961,0.024,95.995,4420.485,191.0,10.0,7.0,0.0,0,49,0
6295982.0,512,1,1,11,11,3.59940625,0.022,30.117,1842.896,374.0,126.0,10.0,2.0,0,0,0
6296011.0,302,2,1,7,7,3.027801324503311,0.038,19.44,914.396,0.0,0.0,291.0,11.0,0,0,0
6296014.0,787,2,1,11,11,1.8883430749682337,0.002,28.143,1486.126,772.0,13.0,0.0,2.0,0,0,0
6296088.0,78,1,1,1,1,125.88094871794871,10.127,255.436,9818.714,73.0,3.0,2.0,0.0,0,0,0
6296102.0,234,1,1,5,5,2.5840128205128203,0.001,21.029,604.659,170.0,61.0,2.0,1.0,0,0,0
6296116.0,312,1,1,7,7,17.71190705128205,0.005,130.899,5526.115,244.0,1.0,12.0,0.0,0,55,0
6296178.0,59,1,1,2,2,170.73233898305085,15.044,418.182,10073.208,36.0,20.0,2.0,0.0,0,1,0
6296248.0,486,1,1,11,11,5.78711316872428,0.008,49.674,2812.537,0.0,0.0,460.0,26.0,0,0,0
6296265.0,482,1,1,12,12,2.5687095435684646,0.006,40.339,1238.118,0.0,0.0,420.0,61.0,1,0,0
6296276.0,765,1,1,14,14,5.790372549019608,0.004,59.117,4429.635,660.0,16.0,38.0,43.0,0,8,0
6296304.0,66,1,1,4,4,4.909272727272727,0.303,10.412,324.012,46.0,17.0,1.0,2.0,0,0,0
6296346.0,281,1,1,8,8,10.595302491103203,0.019,82.439,2977.28,162.0,13.0,8.0,4.0,0,94,0
6296383.0,61,1,1,1,1,61.921245901639345,0.01,135.061,3777.196,18.0,1.0,1.0,7.0,33,1,0
6296385.0,52,1,1,1,1,11.003673076923077,2.657,22.343,572.191,43.0,2.0,5.0,2.0,0,0,0
6296395.0,115,1,1,6,6,0.5537739130434782,0.003,2.868,63.684,0.0,0.0,97.0,18.0,0,0,0
6296420.0,107,3,1,1,1,95.10363551401869,10.442,179.269,10176.089,93.0,5.0,2.0,0.0,0,7,0
6296426.0,74,3,1,2,2,56.50512162162162,3.127,100.975,4181.379,71.0,0.0,2.0,0.0,0,1,0
6296431.0,46,1,1,1,1,3.1301739130434783,0.186,8.195,143.988,6.0,1.0,2.0,0.0,24,13,0
6296476.0,135,1,1,5,5,6.586222222222222,0.034,49.731,889.14,105.0,26.0,2.0,2.0,0,0,0
6296477.0,83,1,1,2,2,84.04601204819278,12.231,180.153,6975.819,4.0,1.0,2.0,7.0,53,16,0
6296509.0,689,1,1,12,12,2.795008708272859,0.004,31.878,1925.761,615.0,55.0,12.0,7.0,0,0,0
6296524.0,31,1,1,5,5,4.975354838709677,0.125,23.114,154.236,6.0,0.0,2.0,3.0,0,20,0
6296534.0,116,1,1,3,3,157.95103448275862,3.984,417.23,18322.32,102.0,2.0,2.0,0.0,0,10,0
6296570.0,66,2,1,2,2,5.898060606060606,0.248,22.244,389.272,42.0,22.0,0.0,2.0,0,0,0
6296580.0,100,1,1,1,1,2.33074,0.187,6.06,233.074,95.0,2.0,3.0,0.0,0,0,0
6296615.0,94,2,1,1,1,102.87141489361703,10.055,248.184,9669.913,81.0,7.0,1.0,0.0,0,5,0
6296620.0,13,1,1,3,3,2.781846153846154,0.041,12.393,36.164,0.0,0.0,13.0,0.0,0,0,0
6296656.0,485,1,1,10,10,11.479676288659794,0.055,68.637,5567.643,446.0,24.0,15.0,0.0,0,0,0
6296673.0,179,1,1,6,6,6.1983184357541905,0.001,25.007,1109.499,120.0,59.0,0.0,0.0,0,0,0
6296708.0,81,1,1,1,1,1.2759135802469137,0.187,2.13,103.349,64.0,15.0,0.0,2.0,0,0,0
6296744.0,514,2,1,12,12,9.831797665369649,0.012,68.907,5053.544,470.0,23.0,8.0,8.0,0,5,0
6296749.0,569,1,1,7,7,1.7588875219683655,0.038,20.697,1000.807,528.0,14.0,27.0,0.0,0,0,0
6296750.0,289,1,1,6,6,14.442076124567475,0.055,111.921,4173.76,148.0,7.0,5.0,4.0,0,125,0
6296772.0,164,2,1,10,10,3.9232378048780485,0.025,36.58,643.411,155.0,0.0,4.0,5.0,0,0,0
6296788.0,418,1,1,7,7,5.298203349282296,0.008,29.943,2214.649,381.0,12.0,14.0,7.0,0,4,0
6296820.0,418,1,1,9,9,6.017397129186603,0.03,36.662,2515.272,331.0,29.0,52.0,6.0,0,0,0
6296831.0,115,1,1,10,10,14.303191304347825,0.083,158.686,1644.867,51.0,38.0,11.0,0.0,0,15,0
6296832.0,269,3,1,3,3,9.636026022304833,0.042,27.965,2592.091,143.0,2.0,10.0,0.0,0,114,0
6296847.0,46,2,1,2,2,215.7761086956522,4.368,360.222,9925.701000000001,0.0,0.0,41.0,4.0,1,0,0
6296848.0,878,2,1,11,11,12.213564920273349,0.02,118.8,10723.51,0.0,8.0,845.0,25.0,0,0,0
6296858.0,78,1,1,2,2,143.60703846153845,14.818,221.215,11201.349,55.0,20.0,3.0,0.0,0,0,0
6296878.0,63,1,1,3,3,44.10742857142857,0.363,100.022,2778.768,43.0,1.0,1.0,0.0,0,18,0
6296895.0,275,3,1,4,4,9.957010909090908,0.03,29.078,2738.178,243.0,2.0,9.0,0.0,0,21,0
6296939.0,45,1,1,6,6,3.733777777777778,0.041,29.078,168.02,10.0,0.0,3.0,5.0,0,27,0
6296947.0,43,1,1,3,3,26.822581395348838,0.588,72.756,1153.371,26.0,0.0,0.0,0.0,0,17,0
6296962.0,325,1,1,11,11,2.105356923076923,0.027,27.57,684.241,308.0,4.0,9.0,4.0,0,0,0
